"round","c_index_downsampled"
"B_CHARLS_KLoSA_CLHLS",0.835498781950136
"B_CHARLS_KLoSA_CLHLS",0.834506234724434
"B_CHARLS_KLoSA_CLHLS",0.835160767719018
"B_CHARLS_KLoSA_CLHLS",0.83498281081767
"B_CHARLS_KLoSA_CLHLS",0.83369835673942
"B_CHARLS_KLoSA_CLHLS",0.834413780240887
"B_CHARLS_KLoSA_CLHLS",0.834922879216408
"B_CHARLS_KLoSA_CLHLS",0.835208313456019
"B_CHARLS_KLoSA_CLHLS",0.833625879456294
"B_CHARLS_KLoSA_CLHLS",0.834952525381832
"B_CHARLS_KLoSA_CLHLS",0.834676120836811
"B_CHARLS_KLoSA_CLHLS",0.834669967859082
"B_CHARLS_KLoSA_CLHLS",0.834366634047894
"B_CHARLS_KLoSA_CLHLS",0.835263770164387
"B_CHARLS_KLoSA_CLHLS",0.83453548134585
"B_CHARLS_KLoSA_CLHLS",0.834678757827267
"B_CHARLS_KLoSA_CLHLS",0.835346315956525
"B_CHARLS_KLoSA_CLHLS",0.833362260319543
"B_CHARLS_KLoSA_CLHLS",0.834983609905687
"B_CHARLS_KLoSA_CLHLS",0.834438711787012
"B_CHARLS_KLoSA_CLHLS",0.83504026524608
"B_CHARLS_KLoSA_CLHLS",0.835173792853692
"B_CHARLS_KLoSA_CLHLS",0.834740287604563
"B_CHARLS_KLoSA_CLHLS",0.835373165313891
"B_CHARLS_KLoSA_CLHLS",0.834697216760456
"B_CHARLS_KLoSA_CLHLS",0.834124110834786
"B_CHARLS_KLoSA_CLHLS",0.833839475683192
"B_CHARLS_KLoSA_CLHLS",0.834785515986315
"B_CHARLS_KLoSA_CLHLS",0.835131521097602
"B_CHARLS_KLoSA_CLHLS",0.834747878940723
"B_CHARLS_KLoSA_CLHLS",0.834393003952449
"B_CHARLS_KLoSA_CLHLS",0.834974979755105
"B_CHARLS_KLoSA_CLHLS",0.834372946843227
"B_CHARLS_KLoSA_CLHLS",0.834630492911051
"B_CHARLS_KLoSA_CLHLS",0.834539157150727
"B_CHARLS_KLoSA_CLHLS",0.83466229661412
"B_CHARLS_KLoSA_CLHLS",0.835693599608639
"B_CHARLS_KLoSA_CLHLS",0.834624180115717
"B_CHARLS_KLoSA_CLHLS",0.835399615127248
"B_CHARLS_KLoSA_CLHLS",0.834054190633314
"B_CHARLS_KLoSA_CLHLS",0.834687387977849
"B_CHARLS_KLoSA_CLHLS",0.834957080183528
"B_CHARLS_KLoSA_CLHLS",0.834898427123093
"B_CHARLS_KLoSA_CLHLS",0.835097879492093
"B_CHARLS_KLoSA_CLHLS",0.834344898853836
"B_CHARLS_KLoSA_CLHLS",0.834244053946112
"B_CHARLS_KLoSA_CLHLS",0.834828906465629
"B_CHARLS_KLoSA_CLHLS",0.83408151944349
"B_CHARLS_KLoSA_CLHLS",0.834157113169882
"B_CHARLS_KLoSA_CLHLS",0.834334270983212
"B_CHARLS_KLoSA_CLHLS",0.834714796696826
"B_CHARLS_KLoSA_CLHLS",0.835240516703097
"B_CHARLS_KLoSA_CLHLS",0.834891714783752
"B_CHARLS_KLoSA_CLHLS",0.834677798921647
"B_CHARLS_KLoSA_CLHLS",0.835016612240782
"B_CHARLS_KLoSA_CLHLS",0.835091886331967
"B_CHARLS_KLoSA_CLHLS",0.834875253570605
"B_CHARLS_KLoSA_CLHLS",0.834464522329955
"B_CHARLS_KLoSA_CLHLS",0.83497665783994
"B_CHARLS_KLoSA_CLHLS",0.83504929494067
"B_CHARLS_KLoSA_CLHLS",0.834741805871795
"B_CHARLS_KLoSA_CLHLS",0.835661236543957
"B_CHARLS_KLoSA_CLHLS",0.834838575430633
"B_CHARLS_KLoSA_CLHLS",0.834960516262001
"B_CHARLS_KLoSA_CLHLS",0.83494813039774
"B_CHARLS_KLoSA_CLHLS",0.835232845458136
"B_CHARLS_KLoSA_CLHLS",0.834656942724407
"B_CHARLS_KLoSA_CLHLS",0.834533723352213
"B_CHARLS_KLoSA_CLHLS",0.834624020298114
"B_CHARLS_KLoSA_CLHLS",0.8349319888198
"B_CHARLS_KLoSA_CLHLS",0.833029360251732
"B_CHARLS_KLoSA_CLHLS",0.833518961479643
"B_CHARLS_KLoSA_CLHLS",0.834983450088084
"B_CHARLS_KLoSA_CLHLS",0.834169898578151
"B_CHARLS_KLoSA_CLHLS",0.834764819606679
"B_CHARLS_KLoSA_CLHLS",0.835405927922581
"B_CHARLS_KLoSA_CLHLS",0.834739888060554
"B_CHARLS_KLoSA_CLHLS",0.834486017797608
"B_CHARLS_KLoSA_CLHLS",0.83400792343714
"B_CHARLS_KLoSA_CLHLS",0.83512241149421
"B_CHARLS_KLoSA_CLHLS",0.834624579659726
"B_CHARLS_KLoSA_CLHLS",0.833466061852928
"B_CHARLS_KLoSA_CLHLS",0.834863506976758
"B_CHARLS_KLoSA_CLHLS",0.834391725411622
"B_CHARLS_KLoSA_CLHLS",0.834628974643818
"B_CHARLS_KLoSA_CLHLS",0.834851201021298
"B_CHARLS_KLoSA_CLHLS",0.834346736756275
"B_CHARLS_KLoSA_CLHLS",0.834828986374431
"B_CHARLS_KLoSA_CLHLS",0.833151620718307
"B_CHARLS_KLoSA_CLHLS",0.835265927702032
"B_CHARLS_KLoSA_CLHLS",0.834664374242964
"B_CHARLS_KLoSA_CLHLS",0.83521262853131
"B_CHARLS_KLoSA_CLHLS",0.83470832408389
"B_CHARLS_KLoSA_CLHLS",0.833879350175232
"B_CHARLS_KLoSA_CLHLS",0.834319887398909
"B_CHARLS_KLoSA_CLHLS",0.835230767829292
"B_CHARLS_KLoSA_CLHLS",0.834797502306568
"B_CHARLS_KLoSA_CLHLS",0.834765698603498
"B_CHARLS_KLoSA_CLHLS",0.835240596611899
"B_CHARLS_KLoSA_CLHLS",0.834825869931165
"B_CHARLS_KLoSA_CLHLS",0.835261292991535
"B_CHARLS_KLoSA_CLHLS",0.835356863918347
"B_CHARLS_KLoSA_CLHLS",0.834698175666076
"B_CHARLS_KLoSA_CLHLS",0.834393003952449
"B_CHARLS_KLoSA_CLHLS",0.834014635776481
"B_CHARLS_KLoSA_CLHLS",0.83391674749442
"B_CHARLS_KLoSA_CLHLS",0.833641142037416
"B_CHARLS_KLoSA_CLHLS",0.834859751263078
"B_CHARLS_KLoSA_CLHLS",0.835051452478316
"B_CHARLS_KLoSA_CLHLS",0.834357044991692
"B_CHARLS_KLoSA_CLHLS",0.834858552631053
"B_CHARLS_KLoSA_CLHLS",0.834960436353199
"B_CHARLS_KLoSA_CLHLS",0.834921920310788
"B_CHARLS_KLoSA_CLHLS",0.834166302682075
"B_CHARLS_KLoSA_CLHLS",0.834234704616315
"B_CHARLS_KLoSA_CLHLS",0.834652148196307
"B_CHARLS_KLoSA_CLHLS",0.834999351939618
"B_CHARLS_KLoSA_CLHLS",0.835026760658596
"B_CHARLS_KLoSA_CLHLS",0.835010139627846
"B_CHARLS_KLoSA_CLHLS",0.834122033205943
"B_CHARLS_KLoSA_CLHLS",0.834690184785908
"B_CHARLS_KLoSA_CLHLS",0.835514923528076
"B_CHARLS_KLoSA_CLHLS",0.834511668522948
"B_CHARLS_KLoSA_CLHLS",0.834995436408336
"B_CHARLS_KLoSA_CLHLS",0.834768335593953
"B_CHARLS_KLoSA_CLHLS",0.834244213763716
"B_CHARLS_KLoSA_CLHLS",0.834647673303412
"B_CHARLS_KLoSA_CLHLS",0.834739888060554
"B_CHARLS_KLoSA_CLHLS",0.834419134130599
"B_CHARLS_KLoSA_CLHLS",0.834266188684179
"B_CHARLS_KLoSA_CLHLS",0.835048655670257
"B_CHARLS_KLoSA_CLHLS",0.834430161545232
"B_CHARLS_KLoSA_CLHLS",0.834785675803918
"B_CHARLS_KLoSA_CLHLS",0.83438924823877
"B_CHARLS_KLoSA_CLHLS",0.834261154429673
"B_CHARLS_KLoSA_CLHLS",0.834644157316138
"B_CHARLS_KLoSA_CLHLS",0.834732296724394
"B_CHARLS_KLoSA_CLHLS",0.835234443634169
"B_CHARLS_KLoSA_CLHLS",0.834834899625755
"B_CHARLS_KLoSA_CLHLS",0.834155674811451
"B_CHARLS_KLoSA_CLHLS",0.834910812987354
"B_CHARLS_KLoSA_CLHLS",0.834250286832644
"B_CHARLS_KLoSA_CLHLS",0.835370128779427
"B_CHARLS_KLoSA_CLHLS",0.835093324690397
"B_CHARLS_KLoSA_CLHLS",0.834164464779636
"B_CHARLS_KLoSA_CLHLS",0.834372707116822
"B_CHARLS_KLoSA_CLHLS",0.83425915670963
"B_CHARLS_KLoSA_CLHLS",0.834931109822981
"B_CHARLS_KLoSA_CLHLS",0.83530332502122
"B_CHARLS_KLoSA_CLHLS",0.834807970359588
"B_CHARLS_KLoSA_CLHLS",0.834769694043582
"B_CHARLS_KLoSA_CLHLS",0.834187718240926
"B_CHARLS_KLoSA_CLHLS",0.834453734641728
"B_CHARLS_KLoSA_CLHLS",0.834551942558996
"B_CHARLS_KLoSA_CLHLS",0.834768894955565
"B_CHARLS_KLoSA_CLHLS",0.834921840401986
"B_CHARLS_KLoSA_CLHLS",0.834214088145481
"B_CHARLS_KLoSA_CLHLS",0.834261474064879
"B_CHARLS_KLoSA_CLHLS",0.834501200469928
"B_CHARLS_KLoSA_CLHLS",0.833691005129666
"B_CHARLS_KLoSA_CLHLS",0.834893472777389
"B_CHARLS_KLoSA_CLHLS",0.834535401437048
"B_CHARLS_KLoSA_CLHLS",0.834410344162414
"B_CHARLS_KLoSA_CLHLS",0.835267845513273
"B_CHARLS_KLoSA_CLHLS",0.834772251125236
"B_CHARLS_KLoSA_CLHLS",0.834666611689411
"B_CHARLS_KLoSA_CLHLS",0.834016873222928
"B_CHARLS_KLoSA_CLHLS",0.8351551741029
"B_CHARLS_KLoSA_CLHLS",0.834624100206916
"B_CHARLS_KLoSA_CLHLS",0.834423529114692
"B_CHARLS_KLoSA_CLHLS",0.83415655380827
"B_CHARLS_KLoSA_CLHLS",0.834542273593993
"B_CHARLS_KLoSA_CLHLS",0.834211930607836
"B_CHARLS_KLoSA_CLHLS",0.834014396050076
"B_CHARLS_KLoSA_CLHLS",0.834749557025558
"B_CHARLS_KLoSA_CLHLS",0.834832422452903
"B_CHARLS_KLoSA_CLHLS",0.834437912698995
"B_CHARLS_KLoSA_CLHLS",0.835054169377573
"B_CHARLS_KLoSA_CLHLS",0.835366692700954
"B_CHARLS_KLoSA_CLHLS",0.834455572544167
"B_CHARLS_KLoSA_CLHLS",0.834624100206916
"B_CHARLS_KLoSA_CLHLS",0.835322982586434
"B_CHARLS_KLoSA_CLHLS",0.834788312794374
"B_CHARLS_KLoSA_CLHLS",0.834210012796595
"B_CHARLS_KLoSA_CLHLS",0.834670127676685
"B_CHARLS_KLoSA_CLHLS",0.834519979038323
"B_CHARLS_KLoSA_CLHLS",0.834638723517624
"B_CHARLS_KLoSA_CLHLS",0.834699773842109
"B_CHARLS_KLoSA_CLHLS",0.834346576938671
"B_CHARLS_KLoSA_CLHLS",0.835432138009533
"B_CHARLS_KLoSA_CLHLS",0.834089190688451
"B_CHARLS_KLoSA_CLHLS",0.833798242741524
"B_CHARLS_KLoSA_CLHLS",0.834320606578125
"B_CHARLS_KLoSA_CLHLS",0.834805173551529
"B_CHARLS_KLoSA_CLHLS",0.834327398826268
"B_CHARLS_KLoSA_CLHLS",0.834979454647999
"B_CHARLS_KLoSA_CLHLS",0.834058345891001
"B_CHARLS_KLoSA_CLHLS",0.834455332817762
"B_CHARLS_KLoSA_CLHLS",0.83411004688569
"B_CHARLS_KLoSA_CLHLS",0.835132639820825
"C_CHARLS_CLHLS_KLoSA",0.800827936867505
"C_CHARLS_CLHLS_KLoSA",0.801134078579108
"C_CHARLS_CLHLS_KLoSA",0.800498814008651
"C_CHARLS_CLHLS_KLoSA",0.800521384778273
"C_CHARLS_CLHLS_KLoSA",0.800520974400644
"C_CHARLS_CLHLS_KLoSA",0.800443207839854
"C_CHARLS_CLHLS_KLoSA",0.801857984717537
"C_CHARLS_CLHLS_KLoSA",0.800289521417608
"C_CHARLS_CLHLS_KLoSA",0.799827846584427
"C_CHARLS_CLHLS_KLoSA",0.800972800170717
"C_CHARLS_CLHLS_KLoSA",0.801143722453402
"C_CHARLS_CLHLS_KLoSA",0.801223746091153
"C_CHARLS_CLHLS_KLoSA",0.800528361197974
"C_CHARLS_CLHLS_KLoSA",0.801216564482637
"C_CHARLS_CLHLS_KLoSA",0.801383382989026
"C_CHARLS_CLHLS_KLoSA",0.801231338077299
"C_CHARLS_CLHLS_KLoSA",0.800850712825942
"C_CHARLS_CLHLS_KLoSA",0.800996191695598
"C_CHARLS_CLHLS_KLoSA",0.801014453500111
"C_CHARLS_CLHLS_KLoSA",0.801436937269676
"C_CHARLS_CLHLS_KLoSA",0.801103710634526
"C_CHARLS_CLHLS_KLoSA",0.80121410221686
"C_CHARLS_CLHLS_KLoSA",0.801071290801796
"C_CHARLS_CLHLS_KLoSA",0.800958436953685
"C_CHARLS_CLHLS_KLoSA",0.801216564482637
"C_CHARLS_CLHLS_KLoSA",0.801448017465672
"C_CHARLS_CLHLS_KLoSA",0.800055606168797
"C_CHARLS_CLHLS_KLoSA",0.799965323090308
"C_CHARLS_CLHLS_KLoSA",0.801001321415967
"C_CHARLS_CLHLS_KLoSA",0.80088949351193
"C_CHARLS_CLHLS_KLoSA",0.800796953356479
"C_CHARLS_CLHLS_KLoSA",0.801751286533869
"C_CHARLS_CLHLS_KLoSA",0.800800441566329
"C_CHARLS_CLHLS_KLoSA",0.801409441968499
"C_CHARLS_CLHLS_KLoSA",0.801070264857722
"C_CHARLS_CLHLS_KLoSA",0.802190800975057
"C_CHARLS_CLHLS_KLoSA",0.801707991693957
"C_CHARLS_CLHLS_KLoSA",0.801414366500053
"C_CHARLS_CLHLS_KLoSA",0.801222104580635
"C_CHARLS_CLHLS_KLoSA",0.800335688900927
"C_CHARLS_CLHLS_KLoSA",0.801087090340531
"C_CHARLS_CLHLS_KLoSA",0.800980597345678
"C_CHARLS_CLHLS_KLoSA",0.801708607260401
"C_CHARLS_CLHLS_KLoSA",0.801554305271711
"C_CHARLS_CLHLS_KLoSA",0.800535747995305
"C_CHARLS_CLHLS_KLoSA",0.801792324296818
"C_CHARLS_CLHLS_KLoSA",0.800403606398608
"C_CHARLS_CLHLS_KLoSA",0.800883132658673
"C_CHARLS_CLHLS_KLoSA",0.802129859897077
"C_CHARLS_CLHLS_KLoSA",0.801239956007518
"C_CHARLS_CLHLS_KLoSA",0.801192762580126
"C_CHARLS_CLHLS_KLoSA",0.800973620925976
"C_CHARLS_CLHLS_KLoSA",0.801990947069493
"C_CHARLS_CLHLS_KLoSA",0.800379804496097
"C_CHARLS_CLHLS_KLoSA",0.800072021273976
"C_CHARLS_CLHLS_KLoSA",0.799992613202669
"C_CHARLS_CLHLS_KLoSA",0.801306026805867
"C_CHARLS_CLHLS_KLoSA",0.800842300084538
"C_CHARLS_CLHLS_KLoSA",0.802148942456849
"C_CHARLS_CLHLS_KLoSA",0.801223951279968
"C_CHARLS_CLHLS_KLoSA",0.800797568922923
"C_CHARLS_CLHLS_KLoSA",0.80209887638605
"C_CHARLS_CLHLS_KLoSA",0.80044300265104
"C_CHARLS_CLHLS_KLoSA",0.800700309424733
"C_CHARLS_CLHLS_KLoSA",0.801721328966915
"C_CHARLS_CLHLS_KLoSA",0.801137771977774
"C_CHARLS_CLHLS_KLoSA",0.801776319569268
"C_CHARLS_CLHLS_KLoSA",0.800317837474044
"C_CHARLS_CLHLS_KLoSA",0.801253088091662
"C_CHARLS_CLHLS_KLoSA",0.801292484344093
"C_CHARLS_CLHLS_KLoSA",0.801023892185589
"C_CHARLS_CLHLS_KLoSA",0.801040922857213
"C_CHARLS_CLHLS_KLoSA",0.801328597575489
"C_CHARLS_CLHLS_KLoSA",0.801451710864337
"C_CHARLS_CLHLS_KLoSA",0.80123051732204
"C_CHARLS_CLHLS_KLoSA",0.800555856499151
"C_CHARLS_CLHLS_KLoSA",0.799815945633172
"C_CHARLS_CLHLS_KLoSA",0.801410262723758
"C_CHARLS_CLHLS_KLoSA",0.800701950935251
"C_CHARLS_CLHLS_KLoSA",0.800410788007124
"C_CHARLS_CLHLS_KLoSA",0.799494209571648
"C_CHARLS_CLHLS_KLoSA",0.801352399478
"C_CHARLS_CLHLS_KLoSA",0.800699899047103
"C_CHARLS_CLHLS_KLoSA",0.800555856499151
"C_CHARLS_CLHLS_KLoSA",0.800678969787999
"C_CHARLS_CLHLS_KLoSA",0.801038050213807
"C_CHARLS_CLHLS_KLoSA",0.801497467970026
"C_CHARLS_CLHLS_KLoSA",0.800168254828093
"C_CHARLS_CLHLS_KLoSA",0.800623979185647
"C_CHARLS_CLHLS_KLoSA",0.800933403918286
"C_CHARLS_CLHLS_KLoSA",0.800950229401095
"C_CHARLS_CLHLS_KLoSA",0.800059299567462
"C_CHARLS_CLHLS_KLoSA",0.802444824727714
"C_CHARLS_CLHLS_KLoSA",0.800960488841832
"C_CHARLS_CLHLS_KLoSA",0.801811612045404
"C_CHARLS_CLHLS_KLoSA",0.802010029629265
"C_CHARLS_CLHLS_KLoSA",0.800935866184063
"C_CHARLS_CLHLS_KLoSA",0.801089757795123
"C_CHARLS_CLHLS_KLoSA",0.800859946322606
"C_CHARLS_CLHLS_KLoSA",0.800243559123105
"C_CHARLS_CLHLS_KLoSA",0.800938738827469
"C_CHARLS_CLHLS_KLoSA",0.800718981606875
"C_CHARLS_CLHLS_KLoSA",0.799869294725006
"C_CHARLS_CLHLS_KLoSA",0.801261295644252
"C_CHARLS_CLHLS_KLoSA",0.800560370653075
"C_CHARLS_CLHLS_KLoSA",0.800521795155902
"C_CHARLS_CLHLS_KLoSA",0.801443913689377
"C_CHARLS_CLHLS_KLoSA",0.801642126084423
"C_CHARLS_CLHLS_KLoSA",0.801237904119371
"C_CHARLS_CLHLS_KLoSA",0.800931967596582
"C_CHARLS_CLHLS_KLoSA",0.801240366385148
"C_CHARLS_CLHLS_KLoSA",0.799927978726024
"C_CHARLS_CLHLS_KLoSA",0.80132777682023
"C_CHARLS_CLHLS_KLoSA",0.801823923374289
"C_CHARLS_CLHLS_KLoSA",0.801353220233259
"C_CHARLS_CLHLS_KLoSA",0.801227439489819
"C_CHARLS_CLHLS_KLoSA",0.801832541304508
"C_CHARLS_CLHLS_KLoSA",0.800933814295915
"C_CHARLS_CLHLS_KLoSA",0.801569078866373
"C_CHARLS_CLHLS_KLoSA",0.800752427383678
"C_CHARLS_CLHLS_KLoSA",0.800817677426768
"C_CHARLS_CLHLS_KLoSA",0.800649012221046
"C_CHARLS_CLHLS_KLoSA",0.800210318535116
"C_CHARLS_CLHLS_KLoSA",0.800495941365244
"C_CHARLS_CLHLS_KLoSA",0.800672403745927
"C_CHARLS_CLHLS_KLoSA",0.800623979185647
"C_CHARLS_CLHLS_KLoSA",0.801412314611906
"C_CHARLS_CLHLS_KLoSA",0.800701130179992
"C_CHARLS_CLHLS_KLoSA",0.801509163732467
"C_CHARLS_CLHLS_KLoSA",0.800461059266737
"C_CHARLS_CLHLS_KLoSA",0.801573182642668
"C_CHARLS_CLHLS_KLoSA",0.801520654306092
"C_CHARLS_CLHLS_KLoSA",0.80161565672732
"C_CHARLS_CLHLS_KLoSA",0.800891545400077
"C_CHARLS_CLHLS_KLoSA",0.801354656554962
"C_CHARLS_CLHLS_KLoSA",0.800678969787999
"C_CHARLS_CLHLS_KLoSA",0.801743694547723
"C_CHARLS_CLHLS_KLoSA",0.80148166843129
"C_CHARLS_CLHLS_KLoSA",0.800862613777198
"C_CHARLS_CLHLS_KLoSA",0.800740526432423
"C_CHARLS_CLHLS_KLoSA",0.800767816544784
"C_CHARLS_CLHLS_KLoSA",0.801192762580126
"C_CHARLS_CLHLS_KLoSA",0.800719597173319
"C_CHARLS_CLHLS_KLoSA",0.801238314497
"C_CHARLS_CLHLS_KLoSA",0.800317837474044
"C_CHARLS_CLHLS_KLoSA",0.801218616370784
"C_CHARLS_CLHLS_KLoSA",0.800794285901887
"C_CHARLS_CLHLS_KLoSA",0.801358965520072
"C_CHARLS_CLHLS_KLoSA",0.800244379878364
"C_CHARLS_CLHLS_KLoSA",0.801714352547214
"C_CHARLS_CLHLS_KLoSA",0.800699283480659
"C_CHARLS_CLHLS_KLoSA",0.800884979358005
"C_CHARLS_CLHLS_KLoSA",0.801907230033076
"C_CHARLS_CLHLS_KLoSA",0.801225592790486
"C_CHARLS_CLHLS_KLoSA",0.801467305214258
"C_CHARLS_CLHLS_KLoSA",0.800764943901378
"C_CHARLS_CLHLS_KLoSA",0.800628903717201
"C_CHARLS_CLHLS_KLoSA",0.801240366385148
"C_CHARLS_CLHLS_KLoSA",0.800882517092228
"C_CHARLS_CLHLS_KLoSA",0.801410262723758
"C_CHARLS_CLHLS_KLoSA",0.801103300256896
"C_CHARLS_CLHLS_KLoSA",0.801424625940791
"C_CHARLS_CLHLS_KLoSA",0.800565705562258
"C_CHARLS_CLHLS_KLoSA",0.801250215448255
"C_CHARLS_CLHLS_KLoSA",0.801068418158389
"C_CHARLS_CLHLS_KLoSA",0.801429550472345
"C_CHARLS_CLHLS_KLoSA",0.800768842488858
"C_CHARLS_CLHLS_KLoSA",0.801077856843868
"C_CHARLS_CLHLS_KLoSA",0.802510279959619
"C_CHARLS_CLHLS_KLoSA",0.801965914034094
"C_CHARLS_CLHLS_KLoSA",0.801673725161894
"C_CHARLS_CLHLS_KLoSA",0.801261295644252
"C_CHARLS_CLHLS_KLoSA",0.801859215850426
"C_CHARLS_CLHLS_KLoSA",0.801652180336346
"C_CHARLS_CLHLS_KLoSA",0.80067814903274
"C_CHARLS_CLHLS_KLoSA",0.800467009742365
"C_CHARLS_CLHLS_KLoSA",0.80090508786185
"C_CHARLS_CLHLS_KLoSA",0.801040512479584
"C_CHARLS_CLHLS_KLoSA",0.80082034488136
"C_CHARLS_CLHLS_KLoSA",0.801276479616543
"C_CHARLS_CLHLS_KLoSA",0.801736923316836
"C_CHARLS_CLHLS_KLoSA",0.802041013140292
"C_CHARLS_CLHLS_KLoSA",0.79985821452901
"C_CHARLS_CLHLS_KLoSA",0.801522911383055
"C_CHARLS_CLHLS_KLoSA",0.800963771862868
"C_CHARLS_CLHLS_KLoSA",0.800596073506841
"C_CHARLS_CLHLS_KLoSA",0.801386871198877
"C_CHARLS_CLHLS_KLoSA",0.800961719974721
"C_CHARLS_CLHLS_KLoSA",0.801068212969575
"C_CHARLS_CLHLS_KLoSA",0.801902305501523
"C_CHARLS_CLHLS_KLoSA",0.79950857278868
"C_CHARLS_CLHLS_KLoSA",0.80096254072998
"C_CHARLS_CLHLS_KLoSA",0.80067814903274
"C_CHARLS_CLHLS_KLoSA",0.800945304869541
"C_CHARLS_CLHLS_KLoSA",0.801361017408219
"C_CHARLS_CLHLS_KLoSA",0.80147387125633
"C_CHARLS_CLHLS_KLoSA",0.801632277021315
"C_CHARLS_CLHLS_KLoSA",0.801069238913648
"C_CHARLS_CLHLS_KLoSA",0.800416738482752
"C_CHARLS_CLHLS_KLoSA",0.800941611470876
