"","hibpe","diabe","cancre","lunge","hearte","stroke","psyche","arthre","dyslipe","livere","kidneye","digeste","asthmae","dressa","batha","eata","beda","toilta","urina","moneya","medsa","shopa","mealsa","housewka","walk100a","walk1kma","joga","climsa","chaira","stoopa","armsa","lifta","dimea","dsight","nsight","hearing","shlt","painfr","fall","hlthlm_c","slfmem","mbmi","hearaid"
"hibpe",1,0.180166191646541,0.0135021286018158,0.0309913284705917,0.222926359297506,0.13519571092581,0.00983227784696959,0.0568362194361947,0.242060531175523,0.0303135944848045,0.0440286637649269,-0.00540718764639665,0.0196993859468459,0.0906784733360278,0.109853149552982,0.0700141297742083,0.0736757196865943,0.102680438243525,0.0543294285823424,0.09017327379191,0.0673290438971394,0.0977771862383184,0.104955018899437,0.106986326959473,0.0351119394928401,0.128194649043197,0.157329923439633,0.150931432311102,0.120646807893486,0.120257713548289,0.075492200927867,0.103114976254143,0.0771246118343812,0.0796321277443667,0.0577510552242476,0.066841852383045,0.166579703509739,0.0626056652715005,0.0472987926394041,0.044623416398579,0.0661702781126318,0.0312099222856275,0.00170888745805053
"diabe",0.180166191646541,1,0.0267546211039064,0.0224400750470502,0.118725111199146,0.0759601698434273,0.0143903891049028,0.0218439402693988,0.221106698740919,0.035817595256295,0.0508247617939043,-0.00949399277807913,0.0215856853427796,0.0529606741625905,0.0621920905744917,0.0280311761760652,0.031358908186694,0.0554473027784709,0.0449040072487394,0.0402466939231425,0.0384893567970987,0.0428603458837412,0.0580598135492869,0.0591593693935381,0.0235485941674105,0.0692978242323521,0.0827339571726975,0.0918127788961142,0.065020743816504,0.0823077929212245,0.0529828616542682,0.0625436929097407,0.0270655345573539,0.0631253874755269,0.0627886034881554,0.023433577415348,0.128059021828831,0.0419586321056649,0.0457820618941174,0.0337254548420615,0.0270799932725443,0.013504871623043,0.00155687757164797
"cancre",0.0135021286018158,0.0267546211039064,1,0.00216119268457995,0.0152889003922346,0.00280673483201577,0.00712262664795645,0.0219655018699338,0.0284319303656311,0.000298050568059969,0.00651455143941401,0.00400186503876623,-0.00144507986143066,0.00167224025927976,0.0131551607106858,0.00844013132201782,0.00745083003913276,0.0234620870090545,0.0174534791548904,0.012145033863714,0.0167524354964319,0.0160868612253513,0.0151591638264513,0.0207802472435012,-0.00275840828054636,0.0280160914485407,0.0335559092516294,0.0431930557376549,0.0271042862403058,0.0327779839764224,0.0156689507092513,0.0201890495136471,-0.00386893391646641,0.0231102988261693,0.00573935902076337,0.0120088081140993,0.054201457511978,0.0411982146674326,0.00530134761332791,0.0278659063954971,0.0185915336596495,0.0210189852230716,-0.00762275646537635
"lunge",0.0309913284705917,0.0224400750470502,0.00216119268457995,1,0.12676565123381,0.0154454630253691,0.0265043691304056,0.111320031512977,0.00987620761215833,0.0765985408650038,0.0746866700969454,0.0932221844449632,0.336842036292477,0.0535545574167501,0.077209420809901,0.0251500918296802,0.0542277868314994,0.0753987795554168,0.060108652441292,0.0604306805588438,0.0563425201495657,0.0859571807044565,0.0895897915174432,0.0941879369175055,0.0371141527915771,0.112668342352211,0.129750121837405,0.150274700712291,0.0963542461193592,0.104180990213888,0.0751467700565714,0.0915859845967744,0.0433682549854781,0.0885491032455502,0.051410884743459,0.102553712981615,0.163366689183278,0.119561573862317,0.0548555899702978,0.116038148596193,0.0669918644239889,0.0593520123325191,0.0177735023475685
"hearte",0.222926359297506,0.118725111199146,0.0152889003922346,0.12676565123381,1,0.0573266331677348,0.0197794553710109,0.109296206411524,0.179050551710633,0.075198263263737,0.104919443703683,0.0949452654575823,0.0789076139373405,0.064083657214719,0.0885421571275477,0.0384479140659398,0.0726452743555659,0.100427570863955,0.0643881321509579,0.0915298662446727,0.0708895431552548,0.0847378390481898,0.0798192267630368,0.100623696384678,0.0503290729983021,0.142102808078819,0.180531646831939,0.173162579468181,0.13070255523406,0.120438760413999,0.0721073229962129,0.10982704407515,0.0472322972134323,0.0887711872668634,0.0619548581192109,0.0984864583421569,0.211119056433314,0.119702335247373,0.0471564202370407,0.0993872205442325,0.0825726020329475,0.0325325970934491,0.0218640928752177
"stroke",0.13519571092581,0.0759601698434273,0.00280673483201577,0.0154454630253691,0.0573266331677348,1,0.0544948430200652,0.0248373632312992,0.0941573016104588,0.0198495707545849,0.0221790914829877,-0.0105455335772318,0.0161808269928862,0.147825381304642,0.175118290188718,0.155677882860643,0.130592997057958,0.137952339285104,0.1083387544451,0.119569953656809,0.105643725579458,0.151754082672983,0.181417751761313,0.179852179494308,0.0376590695013851,0.134144850625537,0.0820915096561129,0.106468082364933,0.106157146205069,0.110803657001311,0.121222834097357,0.136714501291018,0.127612560817468,0.0522262734831869,0.0338635116922091,0.0436453442295286,0.111888566389044,0.0489879282120934,0.0504217505663197,0.031758611209892,0.0408596380474652,0.0246540202961251,-0.00661367638128181
"psyche",0.00983227784696959,0.0143903891049028,0.00712262664795645,0.0265043691304056,0.0197794553710109,0.0544948430200652,1,0.0200132673514505,0.0243805031068163,0.0260503092918584,0.0284435033536251,0.0436178894577618,0.0287869197345448,0.07907982365498,0.0720231798595841,0.0746926036030379,0.0744073798817455,0.0565747410709569,0.0890946657952893,0.124517519269857,0.120981630374367,0.113211058296786,0.107449488614734,0.101139554340558,0.0341828058578095,0.0608206723379603,0.0523377911655334,0.0520702715789535,0.0541959556335744,0.0563608604375082,0.0554634992327793,0.06985085679038,0.0749747777784574,0.0352719715969303,0.0327222004865215,0.0397837544081448,0.0812567573135365,0.0657610367083293,0.0483956919196531,0.0577149174629874,0.048385619743227,-0.00517686006202609,-0.00906452989330912
"arthre",0.0568362194361947,0.0218439402693988,0.0219655018699338,0.111320031512977,0.109296206411524,0.0248373632312992,0.0200132673514505,1,0.0200869183048402,0.0683426837341872,0.121818113395576,0.19415503809352,0.0580614256065206,0.0990373963473386,0.103268177863573,0.0469817400608746,0.11928122238708,0.191669709607999,0.0775743414805425,0.0878623355337937,0.085914044374036,0.0958673687968639,0.0957078912692193,0.101589628085976,0.0487920118058611,0.133315088347429,0.172887303233052,0.223200690168374,0.225928771007933,0.248622264150888,0.152403540617054,0.119675221303015,0.0549914305467367,0.157964161381778,0.121307948660252,0.132586473793615,0.226508417444758,0.29222365744127,0.100222888490502,0.190947375820581,0.163251045256695,0.00969148084453393,0.00389183243512929
"dyslipe",0.242060531175523,0.221106698740919,0.0284319303656311,0.00987620761215833,0.179050551710633,0.0941573016104588,0.0243805031068163,0.0200869183048402,1,0.048728889381111,0.0538804562618486,0.0355616934979671,0.0277454002815862,0.0249074723821251,0.0448808422374469,0.0140318357565344,0.01324950611069,0.0420971205275513,0.0223199848506325,0.0225377695771246,0.0138083684226135,0.0110435643804022,0.0436252907276474,0.0475445184426896,0.0155151676490075,0.0502137566070497,0.0761924092523986,0.079380457724858,0.0645392977188711,0.0633200209255428,0.023230552100069,0.0350595873040244,0.0204954789658028,0.0260535847263104,0.036672831868089,0.0321257157060864,0.109131371682841,0.0544365061550703,0.0314729923061503,0.0137371338551548,0.0114483195914392,0.0331365384970713,0.00051357895503611
"livere",0.0303135944848045,0.035817595256295,0.000298050568059969,0.0765985408650038,0.075198263263737,0.0198495707545849,0.0260503092918584,0.0683426837341872,0.048728889381111,1,0.125356780800782,0.079449036426331,0.0240203584674592,0.0232326300426945,0.0245116527556196,0.0130392883428938,0.0337986146285318,0.0538096170893008,0.0312403222980277,0.0300108098202934,0.0390468698788267,0.0278914302814837,0.0297660810894025,0.0439492355986544,0.0126240983628444,0.0361747215452782,0.0510307243072811,0.0589848881766993,0.0555906535363397,0.0620982980958611,0.029705206718832,0.022091665456493,0.023092798867182,0.0426883433039901,0.0394926144473349,0.0400191378479953,0.0884721157723312,0.0826183378099048,0.0359185488772766,0.0751571585420073,0.0341612352765757,-0.00316039095716054,0.00893579149891138
"kidneye",0.0440286637649269,0.0508247617939043,0.00651455143941401,0.0746866700969454,0.104919443703683,0.0221790914829877,0.0284435033536251,0.121818113395576,0.0538804562618486,0.125356780800782,1,0.0959917428600551,0.0447408901152482,0.0413214964919217,0.0399014902445398,0.0245942647226729,0.0529617226596064,0.0835625760720462,0.0641302863160869,0.026216590291737,0.0406303038796088,0.0281561552953661,0.038780431559243,0.042123151343342,0.0292324336895009,0.0448810522819662,0.0709877237985932,0.0882128852421267,0.0800968603154566,0.0928299428709975,0.0519238884333254,0.0316803320453129,0.0108196875108254,0.0679906085159221,0.0497291587408042,0.0561392150446229,0.135350051505079,0.13823067280283,0.0403191043737727,0.101500001641812,0.0677762366280098,0.00966088411841879,0.0153384997651498
"digeste",-0.00540718764639665,-0.00949399277807913,0.00400186503876623,0.0932221844449632,0.0949452654575823,-0.0105455335772318,0.0436178894577618,0.19415503809352,0.0355616934979671,0.079449036426331,0.0959917428600551,1,0.0470686661677041,0.0285687947309901,0.0435334759606467,0.0181638809758972,0.0555287678961033,0.0864992181997945,0.0729068625059469,0.0653322701932943,0.058368716524231,0.0466563226638058,0.0450070387739912,0.0536838012298414,0.0176941961576469,0.0515634486927808,0.0917911914748974,0.133464009584583,0.113190659871334,0.117723931246868,0.0583644228657521,0.0559801086931055,0.00790659794660609,0.0978912594642347,0.0757575824675919,0.0865492034201162,0.204878521299597,0.214843784218397,0.0740779505622931,0.156146758454847,0.121774380346916,0.00354738349186234,-0.00153638617924989
"asthmae",0.0196993859468459,0.0215856853427796,-0.00144507986143066,0.336842036292477,0.0789076139373405,0.0161808269928862,0.0287869197345448,0.0580614256065206,0.0277454002815862,0.0240203584674592,0.0447408901152482,0.0470686661677041,1,0.0334088211682738,0.0618380625715522,0.0300721613680616,0.0599135448650483,0.0663215697645644,0.0538358042713573,0.0686554232062064,0.0394017999908997,0.0576439226302561,0.0671651184038267,0.0728048866547577,0.0378624252752706,0.0980671364689698,0.105517940708127,0.1257815814147,0.0696488404030571,0.0697956421841473,0.0482925269282469,0.0688844473055564,0.0461137437980323,0.0733151393009176,0.0468250279192107,0.084174401570914,0.114225260460163,0.0898380181828022,0.0514038302703701,0.0742526662273004,0.0461139627541029,0.0424703551054353,0.0140243539134453
"dressa",0.0906784733360278,0.0529606741625905,0.00167224025927976,0.0535545574167501,0.064083657214719,0.147825381304642,0.07907982365498,0.0990373963473386,0.0249074723821251,0.0232326300426945,0.0413214964919217,0.0285687947309901,0.0334088211682738,1,0.645382575512383,0.50032167592383,0.482465359645997,0.427196086383339,0.309489422452027,0.315140011488869,0.304802342788619,0.403139687792011,0.462041249610125,0.459044092388664,0.206414289469602,0.32763137092967,0.187950941178986,0.237789901447376,0.275741297446803,0.283499304583035,0.363506891260398,0.370770770895694,0.347647966209483,0.125887076032437,0.0787338252667348,0.105490045210064,0.193898966714873,0.156044578800492,0.0903578548105839,0.122780844810922,0.098391064400297,0.0394593736699736,0.0134268909725214
"batha",0.109853149552982,0.0621920905744917,0.0131551607106858,0.077209420809901,0.0885421571275477,0.175118290188718,0.0720231798595841,0.103268177863573,0.0448808422374469,0.0245116527556196,0.0399014902445398,0.0435334759606467,0.0618380625715522,0.645382575512383,1,0.512421271061981,0.513936299786667,0.490803483286412,0.337240953328823,0.36362774376657,0.327833120881748,0.456833603661422,0.541785564068197,0.556358729454629,0.209685037304999,0.386793301754363,0.218804302704777,0.286043781576044,0.318481144702216,0.326123625064208,0.390902059904187,0.42286239367013,0.347890887985291,0.139036177749878,0.0803775814862968,0.121424360102786,0.214958575018027,0.158423189349573,0.112742487982584,0.111562063636244,0.112076262105923,0.0424361296576193,0.0284813788561969
"eata",0.0700141297742083,0.0280311761760652,0.00844013132201782,0.0251500918296802,0.0384479140659398,0.155677882860643,0.0746926036030379,0.0469817400608746,0.0140318357565344,0.0130392883428938,0.0245942647226729,0.0181638809758972,0.0300721613680616,0.50032167592383,0.512421271061981,1,0.468642831041087,0.36508306734042,0.337939852450896,0.300207222762662,0.316625029618496,0.38233406777114,0.449382854253648,0.432960680179877,0.190037771457326,0.282526701885105,0.142479141112092,0.18010726243258,0.214324115065547,0.212991837690347,0.307460037328822,0.330778735770161,0.399682732202675,0.0993769829867879,0.0714262204280603,0.0882059171494467,0.155888336406065,0.101434017319458,0.0658803889285645,0.0839328211573978,0.0727599745208835,0.0344980309219945,9.26015933262651e-06
"beda",0.0736757196865943,0.031358908186694,0.00745083003913276,0.0542277868314994,0.0726452743555659,0.130592997057958,0.0744073798817455,0.11928122238708,0.01324950611069,0.0337986146285318,0.0529617226596064,0.0555287678961033,0.0599135448650483,0.482465359645997,0.513936299786667,0.468642831041087,1,0.542965110852069,0.32464239823649,0.322475141350824,0.293686081106869,0.42186841682013,0.458760196438085,0.488624301198883,0.190634512141019,0.361551423510242,0.196203618542638,0.263640740105792,0.322844789794665,0.315916373434477,0.317481161502218,0.378670590343566,0.322319065781723,0.132848034272457,0.094013816399305,0.117766743006557,0.205489342695835,0.182663902448805,0.108624755675883,0.129105210477774,0.126542134457979,0.0377785427919183,0.0117192326683918
"toilta",0.102680438243525,0.0554473027784709,0.0234620870090545,0.0753987795554168,0.100427570863955,0.137952339285104,0.0565747410709569,0.191669709607999,0.0420971205275513,0.0538096170893008,0.0835625760720462,0.0864992181997945,0.0663215697645644,0.427196086383339,0.490803483286412,0.36508306734042,0.542965110852069,1,0.349278898613677,0.326352489957924,0.270760950666083,0.395307465541454,0.438745497144428,0.471168152384953,0.184646210251743,0.39405124136702,0.264860267152611,0.350310989167532,0.409247997998712,0.448435111069914,0.317604082297372,0.374987454594997,0.283040450229573,0.184735401944172,0.121289969682364,0.158034771862369,0.252746333994824,0.247849311551157,0.142307514694499,0.190252218074646,0.145983623774087,0.0479809908434155,0.0111272941597321
"urina",0.0543294285823424,0.0449040072487394,0.0174534791548904,0.060108652441292,0.0643881321509579,0.1083387544451,0.0890946657952893,0.0775743414805425,0.0223199848506325,0.0312403222980277,0.0641302863160869,0.0729068625059469,0.0538358042713573,0.309489422452027,0.337240953328823,0.337939852450896,0.32464239823649,0.349278898613677,1,0.245631059307597,0.261775380501762,0.276936171041811,0.301760221201165,0.320344235822359,0.075335525984745,0.218630102714916,0.160545772739138,0.202977304667056,0.225822223047401,0.214299107403168,0.228050548690319,0.248144672298287,0.25757287274028,0.110712629368479,0.0756322062684281,0.114468600717305,0.171043675488656,0.126451663420072,0.101018564806718,0.118019587122346,0.0966824208517463,0.0275764786172245,0.00272821726655676
"moneya",0.09017327379191,0.0402466939231425,0.012145033863714,0.0604306805588438,0.0915298662446727,0.119569953656809,0.124517519269857,0.0878623355337937,0.0225377695771246,0.0300108098202934,0.026216590291737,0.0653322701932943,0.0686554232062064,0.315140011488869,0.36362774376657,0.300207222762662,0.322475141350824,0.326352489957924,0.245631059307597,1,0.414324371264136,0.582560991332234,0.414417160786398,0.409923990784326,0.14152316360434,0.316935607107476,0.225679853322744,0.272782282099945,0.265418501526975,0.26708897027509,0.253864033578053,0.326307571371647,0.281458793846354,0.186669604986935,0.123214786637588,0.169183796261925,0.226099561330527,0.174466249130622,0.112374927638782,0.125162142162257,0.212123693663039,0.0431032100232129,0.019640401668501
"medsa",0.0673290438971394,0.0384893567970987,0.0167524354964319,0.0563425201495657,0.0708895431552548,0.105643725579458,0.120981630374367,0.085914044374036,0.0138083684226135,0.0390468698788267,0.0406303038796088,0.058368716524231,0.0394017999908997,0.304802342788619,0.327833120881748,0.316625029618496,0.293686081106869,0.270760950666083,0.261775380501762,0.414324371264136,1,0.412979763341946,0.339789470675748,0.339539750600757,0.121499378194316,0.253321245714943,0.17132646816089,0.208964315165111,0.216848467790661,0.218146486154486,0.247871649299564,0.256249076485119,0.276669767165623,0.132112454742383,0.103043920554124,0.133126119645803,0.177980182086273,0.117480687791878,0.0890417072280126,0.100159698258855,0.160082879536416,0.0307225726317603,0.00976382181741095
"shopa",0.0977771862383184,0.0428603458837412,0.0160868612253513,0.0859571807044565,0.0847378390481898,0.151754082672983,0.113211058296786,0.0958673687968639,0.0110435643804022,0.0278914302814837,0.0281561552953661,0.0466563226638058,0.0576439226302561,0.403139687792011,0.456833603661422,0.38233406777114,0.42186841682013,0.395307465541454,0.276936171041811,0.582560991332234,0.412979763341946,1,0.535898138411285,0.529754998078466,0.187297703828848,0.373749174349445,0.222742202462735,0.277496294751961,0.282493465790699,0.291323866206324,0.289712028006171,0.394409018463431,0.313745270429189,0.175332264296892,0.116105158124634,0.1487345913951,0.218718170940744,0.158795300070367,0.101108494404667,0.121282342504411,0.148492605357949,0.048890105043655,0.0209931325718323
"mealsa",0.104955018899437,0.0580598135492869,0.0151591638264513,0.0895897915174432,0.0798192267630368,0.181417751761313,0.107449488614734,0.0957078912692193,0.0436252907276474,0.0297660810894025,0.038780431559243,0.0450070387739912,0.0671651184038267,0.462041249610125,0.541785564068197,0.449382854253648,0.458760196438085,0.438745497144428,0.301760221201165,0.414417160786398,0.339789470675748,0.535898138411285,1,0.738046130243979,0.228684881026409,0.426600773119878,0.230398733402781,0.299949997041264,0.306747768308785,0.318195111976604,0.32202677527869,0.436980400341987,0.350595464210451,0.166732413896079,0.109583121424411,0.144525097407221,0.240070499822966,0.159764417595469,0.100155791069386,0.124245663021137,0.115115459957663,0.0497283755872344,0.0245124012099467
"housewka",0.106986326959473,0.0591593693935381,0.0207802472435012,0.0941879369175055,0.100623696384678,0.179852179494308,0.101139554340558,0.101589628085976,0.0475445184426896,0.0439492355986544,0.042123151343342,0.0536838012298414,0.0728048866547577,0.459044092388664,0.556358729454629,0.432960680179877,0.488624301198883,0.471168152384953,0.320344235822359,0.409923990784326,0.339539750600757,0.529754998078466,0.738046130243979,1,0.241340490500391,0.445858559914502,0.246600305238708,0.321986186039943,0.338817163456221,0.336991627181618,0.347015542167975,0.463161545286133,0.335728561105199,0.179241769592397,0.116205727919979,0.147710534061972,0.261235663379719,0.186099388727013,0.117367473176468,0.134263798565174,0.126912290108029,0.0570484399527791,0.0253731347726186
"walk100a",0.0351119394928401,0.0235485941674105,-0.00275840828054636,0.0371141527915771,0.0503290729983021,0.0376590695013851,0.0341828058578095,0.0487920118058611,0.0155151676490075,0.0126240983628444,0.0292324336895009,0.0176941961576469,0.0378624252752706,0.206414289469602,0.209685037304999,0.190037771457326,0.190634512141019,0.184646210251743,0.075335525984745,0.14152316360434,0.121499378194316,0.187297703828848,0.228684881026409,0.241340490500391,1,0.406643653743434,0.135283424627738,0.159766391288405,0.169399976913129,0.16005138711972,0.135802265161024,0.214840487563609,0.149823661140426,0.0744324686640149,0.0506264431546802,0.0566608930116154,0.10330088145354,0.0863498881854321,0.0440263031944969,0.0495709791560984,0.0496089875452653,0.0334657948741167,0.0107233462145297
"walk1kma",0.128194649043197,0.0692978242323521,0.0280160914485407,0.112668342352211,0.142102808078819,0.134144850625537,0.0608206723379603,0.133315088347429,0.0502137566070497,0.0361747215452782,0.0448810522819662,0.0515634486927808,0.0980671364689698,0.32763137092967,0.386793301754363,0.282526701885105,0.361551423510242,0.39405124136702,0.218630102714916,0.316935607107476,0.253321245714943,0.373749174349445,0.426600773119878,0.445858559914502,0.406643653743434,1,0.416741109131539,0.430393590029417,0.403750942198871,0.403108181851425,0.301939170032447,0.445480737674163,0.264310864807296,0.194230665155505,0.126884545593392,0.175259972734675,0.294195232403651,0.217893424529734,0.123120680312656,0.141456372788737,0.158004711344395,0.0796442771939077,0.024997663956715
"joga",0.157329923439633,0.0827339571726975,0.0335559092516294,0.129750121837405,0.180531646831939,0.0820915096561129,0.0523377911655334,0.172887303233052,0.0761924092523986,0.0510307243072811,0.0709877237985932,0.0917911914748974,0.105517940708127,0.187950941178986,0.218804302704777,0.142479141112092,0.196203618542638,0.264860267152611,0.160545772739138,0.225679853322744,0.17132646816089,0.222742202462735,0.230398733402781,0.246600305238708,0.135283424627738,0.416741109131539,1,0.465976579323017,0.349458304132726,0.364564442435897,0.214544372509553,0.284287495130937,0.163751072950517,0.26215582616068,0.185737613904084,0.239533152371125,0.388217121211796,0.271813396026105,0.126961547283263,0.192309644937139,0.25454141525429,0.0895028079945532,0.0155605546156568
"climsa",0.150931432311102,0.0918127788961142,0.0431930557376549,0.150274700712291,0.173162579468181,0.106468082364933,0.0520702715789535,0.223200690168374,0.079380457724858,0.0589848881766993,0.0882128852421267,0.133464009584583,0.1257815814147,0.237789901447376,0.286043781576044,0.18010726243258,0.263640740105792,0.350310989167532,0.202977304667056,0.272782282099945,0.208964315165111,0.277496294751961,0.299949997041264,0.321986186039943,0.159766391288405,0.430393590029417,0.465976579323017,1,0.483452843662773,0.480958345943545,0.271957972044591,0.34344785615939,0.189256256193835,0.263636054131321,0.19362269450119,0.235526240436722,0.369624871226169,0.330833953601048,0.154005692714297,0.242451251191011,0.250277310153953,0.0725460542719493,0.00893234402013299
"chaira",0.120646807893486,0.065020743816504,0.0271042862403058,0.0963542461193592,0.13070255523406,0.106157146205069,0.0541959556335744,0.225928771007933,0.0645392977188711,0.0555906535363397,0.0800968603154566,0.113190659871334,0.0696488404030571,0.275741297446803,0.318481144702216,0.214324115065547,0.322844789794665,0.409247997998712,0.225822223047401,0.265418501526975,0.216848467790661,0.282493465790699,0.306747768308785,0.338817163456221,0.169399976913129,0.403750942198871,0.349458304132726,0.483452843662773,1,0.517639700223824,0.303801739672066,0.338853024530562,0.22091127301429,0.235270042420466,0.178622233794411,0.202523951980571,0.314725330036628,0.319043643978539,0.154098680124215,0.201695718515485,0.219128414841187,0.0540344036941993,0.00935095684076403
"stoopa",0.120257713548289,0.0823077929212245,0.0327779839764224,0.104180990213888,0.120438760413999,0.110803657001311,0.0563608604375082,0.248622264150888,0.0633200209255428,0.0620982980958611,0.0928299428709975,0.117723931246868,0.0697956421841473,0.283499304583035,0.326123625064208,0.212991837690347,0.315916373434477,0.448435111069914,0.214299107403168,0.26708897027509,0.218146486154486,0.291323866206324,0.318195111976604,0.336991627181618,0.16005138711972,0.403108181851425,0.364564442435897,0.480958345943545,0.517639700223824,1,0.327063729853055,0.354302449439662,0.213541203946042,0.2232837903542,0.170902183806214,0.194942053918389,0.337798118714321,0.320895174104393,0.147270567173216,0.224511245524375,0.221125781879074,0.0644884885437206,0.00883582595615307
"armsa",0.075492200927867,0.0529828616542682,0.0156689507092513,0.0751467700565714,0.0721073229962129,0.121222834097357,0.0554634992327793,0.152403540617054,0.023230552100069,0.029705206718832,0.0519238884333254,0.0583644228657521,0.0482925269282469,0.363506891260398,0.390902059904187,0.307460037328822,0.317481161502218,0.317604082297372,0.228050548690319,0.253864033578053,0.247871649299564,0.289712028006171,0.32202677527869,0.347015542167975,0.135802265161024,0.301939170032447,0.214544372509553,0.271957972044591,0.303801739672066,0.327063729853055,1,0.374856020185094,0.309515449826074,0.144974913658256,0.102670276279226,0.138064194953247,0.224193599897384,0.193158868040334,0.0952525398728759,0.132311161886925,0.135077736118094,0.0468725722381953,0.0174565756845761
"lifta",0.103114976254143,0.0625436929097407,0.0201890495136471,0.0915859845967744,0.10982704407515,0.136714501291018,0.06985085679038,0.119675221303015,0.0350595873040244,0.022091665456493,0.0316803320453129,0.0559801086931055,0.0688844473055564,0.370770770895694,0.42286239367013,0.330778735770161,0.378670590343566,0.374987454594997,0.248144672298287,0.326307571371647,0.256249076485119,0.394409018463431,0.436980400341987,0.463161545286133,0.214840487563609,0.445480737674163,0.284287495130937,0.34344785615939,0.338853024530562,0.354302449439662,0.374856020185094,1,0.347720098103958,0.182784937957622,0.130482450509705,0.168504422149903,0.261916521743172,0.18460055241463,0.127771218106473,0.136081980972682,0.142378720952219,0.0687424360740155,0.0274130532617207
"dimea",0.0771246118343812,0.0270655345573539,-0.00386893391646641,0.0433682549854781,0.0472322972134323,0.127612560817468,0.0749747777784574,0.0549914305467367,0.0204954789658028,0.023092798867182,0.0108196875108254,0.00790659794660609,0.0461137437980323,0.347647966209483,0.347890887985291,0.399682732202675,0.322319065781723,0.283040450229573,0.25757287274028,0.281458793846354,0.276669767165623,0.313745270429189,0.350595464210451,0.335728561105199,0.149823661140426,0.264310864807296,0.163751072950517,0.189256256193835,0.22091127301429,0.213541203946042,0.309515449826074,0.347720098103958,1,0.110620397940114,0.0821604534828469,0.0994918754068582,0.158418727519577,0.104203210071981,0.0717574740977093,0.0854479983654625,0.0966835257036715,0.0331230272742209,0.00778332597207132
"dsight",0.0796321277443667,0.0631253874755269,0.0231102988261693,0.0885491032455502,0.0887711872668634,0.0522262734831869,0.0352719715969303,0.157964161381778,0.0260535847263104,0.0426883433039901,0.0679906085159221,0.0978912594642347,0.0733151393009176,0.125887076032437,0.139036177749878,0.0993769829867879,0.132848034272457,0.184735401944172,0.110712629368479,0.186669604986935,0.132112454742383,0.175332264296892,0.166732413896079,0.179241769592397,0.0744324686640149,0.194230665155505,0.26215582616068,0.263636054131321,0.235270042420466,0.2232837903542,0.144974913658256,0.182784937957622,0.110620397940114,1,0.454644718665131,0.395201958304006,0.348941929347452,0.22399207262357,0.125440701840864,0.164754171560282,0.324334342950537,0.0277976452508458,0.00302743405220051
"nsight",0.0577510552242476,0.0627886034881554,0.00573935902076337,0.051410884743459,0.0619548581192109,0.0338635116922091,0.0327222004865215,0.121307948660252,0.036672831868089,0.0394926144473349,0.0497291587408042,0.0757575824675919,0.0468250279192107,0.0787338252667348,0.0803775814862968,0.0714262204280603,0.094013816399305,0.121289969682364,0.0756322062684281,0.123214786637588,0.103043920554124,0.116105158124634,0.109583121424411,0.116205727919979,0.0506264431546802,0.126884545593392,0.185737613904084,0.19362269450119,0.178622233794411,0.170902183806214,0.102670276279226,0.130482450509705,0.0821604534828469,0.454644718665131,1,0.322921782724849,0.266176061001898,0.17644366246132,0.0837480443664379,0.129274964009291,0.269884621202437,0.0168884809943376,-0.00329347000200344
"hearing",0.066841852383045,0.023433577415348,0.0120088081140993,0.102553712981615,0.0984864583421569,0.0436453442295286,0.0397837544081448,0.132586473793615,0.0321257157060864,0.0400191378479953,0.0561392150446229,0.0865492034201162,0.084174401570914,0.105490045210064,0.121424360102786,0.0882059171494467,0.117766743006557,0.158034771862369,0.114468600717305,0.169183796261925,0.133126119645803,0.1487345913951,0.144525097407221,0.147710534061972,0.0566608930116154,0.175259972734675,0.239533152371125,0.235526240436722,0.202523951980571,0.194942053918389,0.138064194953247,0.168504422149903,0.0994918754068582,0.395201958304006,0.322921782724849,1,0.336899395628201,0.191605487060015,0.122777397607746,0.146729361772192,0.330601469362097,0.0308901692615106,0.0437682812646377
"shlt",0.166579703509739,0.128059021828831,0.054201457511978,0.163366689183278,0.211119056433314,0.111888566389044,0.0812567573135365,0.226508417444758,0.109131371682841,0.0884721157723312,0.135350051505079,0.204878521299597,0.114225260460163,0.193898966714873,0.214958575018027,0.155888336406065,0.205489342695835,0.252746333994824,0.171043675488656,0.226099561330527,0.177980182086273,0.218718170940744,0.240070499822966,0.261235663379719,0.10330088145354,0.294195232403651,0.388217121211796,0.369624871226169,0.314725330036628,0.337798118714321,0.224193599897384,0.261916521743172,0.158418727519577,0.348941929347452,0.266176061001898,0.336899395628201,1,0.373886895345671,0.134735784501192,0.28091623628175,0.352185919408711,0.0599700466914113,-0.00405570599644707
"painfr",0.0626056652715005,0.0419586321056649,0.0411982146674326,0.119561573862317,0.119702335247373,0.0489879282120934,0.0657610367083293,0.29222365744127,0.0544365061550703,0.0826183378099048,0.13823067280283,0.214843784218397,0.0898380181828022,0.156044578800492,0.158423189349573,0.101434017319458,0.182663902448805,0.247849311551157,0.126451663420072,0.174466249130622,0.117480687791878,0.158795300070367,0.159764417595469,0.186099388727013,0.0863498881854321,0.217893424529734,0.271813396026105,0.330833953601048,0.319043643978539,0.320895174104393,0.193158868040334,0.18460055241463,0.104203210071981,0.22399207262357,0.17644366246132,0.191605487060015,0.373886895345671,1,0.155610468748909,0.289753163029325,0.24243659611181,0.0304623008709354,-0.00929368459251718
"fall",0.0472987926394041,0.0457820618941174,0.00530134761332791,0.0548555899702978,0.0471564202370407,0.0504217505663197,0.0483956919196531,0.100222888490502,0.0314729923061503,0.0359185488772766,0.0403191043737727,0.0740779505622931,0.0514038302703701,0.0903578548105839,0.112742487982584,0.0658803889285645,0.108624755675883,0.142307514694499,0.101018564806718,0.112374927638782,0.0890417072280126,0.101108494404667,0.100155791069386,0.117367473176468,0.0440263031944969,0.123120680312656,0.126961547283263,0.154005692714297,0.154098680124215,0.147270567173216,0.0952525398728759,0.127771218106473,0.0717574740977093,0.125440701840864,0.0837480443664379,0.122777397607746,0.134735784501192,0.155610468748909,1,0.128008721312649,0.113015146371248,0.0227096290004847,-0.00242726700479997
"hlthlm_c",0.044623416398579,0.0337254548420615,0.0278659063954971,0.116038148596193,0.0993872205442325,0.031758611209892,0.0577149174629874,0.190947375820581,0.0137371338551548,0.0751571585420073,0.101500001641812,0.156146758454847,0.0742526662273004,0.122780844810922,0.111562063636244,0.0839328211573978,0.129105210477774,0.190252218074646,0.118019587122346,0.125162142162257,0.100159698258855,0.121282342504411,0.124245663021137,0.134263798565174,0.0495709791560984,0.141456372788737,0.192309644937139,0.242451251191011,0.201695718515485,0.224511245524375,0.132311161886925,0.136081980972682,0.0854479983654625,0.164754171560282,0.129274964009291,0.146729361772192,0.28091623628175,0.289753163029325,0.128008721312649,1,0.162865643873863,0.0303010432233055,0.00570334128486077
"slfmem",0.0661702781126318,0.0270799932725443,0.0185915336596495,0.0669918644239889,0.0825726020329475,0.0408596380474652,0.048385619743227,0.163251045256695,0.0114483195914392,0.0341612352765757,0.0677762366280098,0.121774380346916,0.0461139627541029,0.098391064400297,0.112076262105923,0.0727599745208835,0.126542134457979,0.145983623774087,0.0966824208517463,0.212123693663039,0.160082879536416,0.148492605357949,0.115115459957663,0.126912290108029,0.0496089875452653,0.158004711344395,0.25454141525429,0.250277310153953,0.219128414841187,0.221125781879074,0.135077736118094,0.142378720952219,0.0966835257036715,0.324334342950537,0.269884621202437,0.330601469362097,0.352185919408711,0.24243659611181,0.113015146371248,0.162865643873863,1,0.0169062760974978,-0.00209283278906216
"mbmi",0.0312099222856275,0.013504871623043,0.0210189852230716,0.0593520123325191,0.0325325970934491,0.0246540202961251,-0.00517686006202609,0.00969148084453393,0.0331365384970713,-0.00316039095716054,0.00966088411841879,0.00354738349186234,0.0424703551054353,0.0394593736699736,0.0424361296576193,0.0344980309219945,0.0377785427919183,0.0479809908434155,0.0275764786172245,0.0431032100232129,0.0307225726317603,0.048890105043655,0.0497283755872344,0.0570484399527791,0.0334657948741167,0.0796442771939077,0.0895028079945532,0.0725460542719493,0.0540344036941993,0.0644884885437206,0.0468725722381953,0.0687424360740155,0.0331230272742209,0.0277976452508458,0.0168884809943376,0.0308901692615106,0.0599700466914113,0.0304623008709354,0.0227096290004847,0.0303010432233055,0.0169062760974978,1,0.0111990349173495
"hearaid",0.00170888745805053,0.00155687757164797,-0.00762275646537635,0.0177735023475685,0.0218640928752177,-0.00661367638128181,-0.00906452989330912,0.00389183243512929,0.00051357895503611,0.00893579149891138,0.0153384997651498,-0.00153638617924989,0.0140243539134453,0.0134268909725214,0.0284813788561969,9.26015933262651e-06,0.0117192326683918,0.0111272941597321,0.00272821726655676,0.019640401668501,0.00976382181741095,0.0209931325718323,0.0245124012099467,0.0253731347726186,0.0107233462145297,0.024997663956715,0.0155605546156568,0.00893234402013299,0.00935095684076403,0.00883582595615307,0.0174565756845761,0.0274130532617207,0.00778332597207132,0.00302743405220051,-0.00329347000200344,0.0437682812646377,-0.00405570599644707,-0.00929368459251718,-0.00242726700479997,0.00570334128486077,-0.00209283278906216,0.0111990349173495,1
