"cohort","role","rel_path","format","key_schema_file","note","abs_path","exists","size_mb","modified","read_status","rows","columns","read_error"
"CHARLS","harmonization_script","Charls/bbxleyec.do","do",TRUE,"Gateway Harmonized CHARLS generator","D:/AI_project/sql/Charls/bbxleyec.do",TRUE,2.857,"2026-07-26 17:26:39.149151","not_attempted",,,
"CHARLS","harmonization_document","Charls/Harmonized_CHARLS_D.pdf","pdf",FALSE,"Harmonization definitions","D:/AI_project/sql/Charls/Harmonized_CHARLS_D.pdf",TRUE,2.609,"2024-10-19 01:35:16","not_attempted",,,
"KLoSA","harmonization_script","KLOSA/bukpmcwp.do","do",TRUE,"Gateway Harmonized KLoSA generator","D:/AI_project/sql/KLOSA/bukpmcwp.do",TRUE,4.276,"2026-07-26 17:18:13.881531","not_attempted",,,
"KLoSA","exit_wave9","KLOSA/KLoSA 9 wave Exit/Exit09_e.dta","dta",TRUE,"Wave 9 exit/mortality file","D:/AI_project/sql/KLOSA/KLoSA 9 wave Exit/Exit09_e.dta",TRUE,0.625,"2025-01-02 07:57:58","metadata_ok",0,345,
"CLHLS","codebook_directory","CLHLS/CLHLS_codebook 1998-2018","directory",FALSE,"Longitudinal codebooks","D:/AI_project/sql/CLHLS/CLHLS_codebook 1998-2018",TRUE,0.004,"2026-07-22 14:05:17.62421","not_attempted",,,
"CHARLS","raw_wave","Charls/2011/biomarkers.dta","dta",TRUE,"","D:/AI_project/sql/Charls/2011/biomarkers.dta",TRUE,11.857,"2013-03-12 09:38:58","metadata_ok",0,238,
"CHARLS","raw_wave","Charls/2011/Blood_20140429.dta","dta",TRUE,"","D:/AI_project/sql/Charls/2011/Blood_20140429.dta",TRUE,0.912,"2014-04-28 17:26:02","metadata_ok",0,19,
"CHARLS","raw_wave","Charls/2011/child.dta","dta",TRUE,"","D:/AI_project/sql/Charls/2011/child.dta",TRUE,2.981,"2017-09-28 14:14:58","metadata_ok",0,69,
"CHARLS","raw_wave","Charls/2011/community.dta","dta",TRUE,"","D:/AI_project/sql/Charls/2011/community.dta",TRUE,1.095,"2013-03-12 09:57:18","metadata_ok",0,719,
"CHARLS","raw_wave","Charls/2011/demographic_background.dta","dta",TRUE,"","D:/AI_project/sql/Charls/2011/demographic_background.dta",TRUE,3.628,"2013-03-12 09:58:00","metadata_ok",0,118,
"CHARLS","raw_wave","Charls/2011/exp_income_wealth.dta","dta",TRUE,"","D:/AI_project/sql/Charls/2011/exp_income_wealth.dta",TRUE,3.781,"2017-09-28 13:58:02","metadata_ok",0,51,
"CHARLS","raw_wave","Charls/2011/family_information.dta","dta",TRUE,"","D:/AI_project/sql/Charls/2011/family_information.dta",TRUE,17.705,"2013-03-12 09:58:28","metadata_ok",0,1210,
"CHARLS","raw_wave","Charls/2011/family_transfer.dta","dta",TRUE,"","D:/AI_project/sql/Charls/2011/family_transfer.dta",TRUE,13.696,"2013-03-12 09:58:54","metadata_ok",0,1010,
"CHARLS","raw_wave","Charls/2011/health_care_and_insurance.dta","dta",TRUE,"","D:/AI_project/sql/Charls/2011/health_care_and_insurance.dta",TRUE,14.488,"2013-03-12 09:59:18","metadata_ok",0,480,
"CHARLS","raw_wave","Charls/2011/health_status_and_functioning.dta","dta",TRUE,"","D:/AI_project/sql/Charls/2011/health_status_and_functioning.dta",TRUE,11.891,"2013-03-12 09:59:44","metadata_ok",0,591,
"CHARLS","raw_wave","Charls/2011/hhmember.dta","dta",TRUE,"","D:/AI_project/sql/Charls/2011/hhmember.dta",TRUE,1.56,"2017-09-28 14:14:58","metadata_ok",0,32,
"CHARLS","raw_wave","Charls/2011/household_income.dta","dta",TRUE,"","D:/AI_project/sql/Charls/2011/household_income.dta",TRUE,19.847,"2013-03-12 10:00:06","metadata_ok",0,1060,
"CHARLS","raw_wave","Charls/2011/household_roster.dta","dta",TRUE,"","D:/AI_project/sql/Charls/2011/household_roster.dta",TRUE,7.618,"2013-03-12 10:00:34","metadata_ok",0,530,
"CHARLS","raw_wave","Charls/2011/housing_characteristics.dta","dta",TRUE,"","D:/AI_project/sql/Charls/2011/housing_characteristics.dta",TRUE,0.522,"2013-03-12 10:01:02","metadata_ok",0,34,
"CHARLS","raw_wave","Charls/2011/individual_income.dta","dta",TRUE,"","D:/AI_project/sql/Charls/2011/individual_income.dta",TRUE,7.257,"2013-03-12 10:01:32","metadata_ok",0,170,
"CHARLS","raw_wave","Charls/2011/interviewer_observation.dta","dta",TRUE,"","D:/AI_project/sql/Charls/2011/interviewer_observation.dta",TRUE,0.687,"2013-03-12 10:01:56","metadata_ok",0,17,
"CHARLS","raw_wave","Charls/2011/parent.dta","dta",TRUE,"","D:/AI_project/sql/Charls/2011/parent.dta",TRUE,3.282,"2017-09-28 14:14:58","metadata_ok",0,47,
"CHARLS","raw_wave","Charls/2011/psu.dta","dta",TRUE,"","D:/AI_project/sql/Charls/2011/psu.dta",TRUE,0.026,"2013-03-12 10:02:18","metadata_ok",0,5,
"CHARLS","raw_wave","Charls/2011/weight.dta","dta",TRUE,"","D:/AI_project/sql/Charls/2011/weight.dta",TRUE,1.138,"2013-03-12 10:02:44","metadata_ok",0,14,
"CHARLS","raw_wave","Charls/2011/work_retirement_and_pension.dta","dta",TRUE,"","D:/AI_project/sql/Charls/2011/work_retirement_and_pension.dta",TRUE,17.198,"2013-03-12 10:03:18","metadata_ok",0,526,
"CHARLS","raw_wave","Charls/2013/Biomarker.dta","dta",TRUE,"","D:/AI_project/sql/Charls/2013/Biomarker.dta",TRUE,12.258,"2015-11-18 21:22:10","metadata_ok",0,239,
"CHARLS","raw_wave","Charls/2013/Child.dta","dta",TRUE,"","D:/AI_project/sql/Charls/2013/Child.dta",TRUE,3.04,"2015-11-18 21:22:10","metadata_ok",0,50,
"CHARLS","raw_wave","Charls/2013/Demographic_Background.dta","dta",TRUE,"","D:/AI_project/sql/Charls/2013/Demographic_Background.dta",TRUE,10.674,"2015-11-18 21:22:04","metadata_ok",0,145,
"CHARLS","raw_wave","Charls/2013/Exit_Interview.dta","dta",TRUE,"","D:/AI_project/sql/Charls/2013/Exit_Interview.dta",TRUE,2.711,"2015-11-18 21:22:10","metadata_ok",0,1837,
"CHARLS","raw_wave","Charls/2013/exp_income_wealth.dta","dta",TRUE,"","D:/AI_project/sql/Charls/2013/exp_income_wealth.dta",TRUE,3.969,"2017-09-28 13:57:50","metadata_ok",0,51,
"CHARLS","raw_wave","Charls/2013/Family_Information.dta","dta",TRUE,"","D:/AI_project/sql/Charls/2013/Family_Information.dta",TRUE,16.049,"2015-11-18 21:22:04","metadata_ok",0,1185,
"CHARLS","raw_wave","Charls/2013/Family_Transfer.dta","dta",TRUE,"","D:/AI_project/sql/Charls/2013/Family_Transfer.dta",TRUE,13.425,"2015-11-18 21:22:04","metadata_ok",0,596,
"CHARLS","raw_wave","Charls/2013/Health_Care_and_Insurance.dta","dta",TRUE,"","D:/AI_project/sql/Charls/2013/Health_Care_and_Insurance.dta",TRUE,23.249,"2015-11-18 21:22:06","metadata_ok",0,543,
"CHARLS","raw_wave","Charls/2013/Health_Status_and_Functioning.dta","dta",TRUE,"","D:/AI_project/sql/Charls/2013/Health_Status_and_Functioning.dta",TRUE,30.383,"2015-11-18 21:22:06","metadata_ok",0,1220,
"CHARLS","raw_wave","Charls/2013/Household_Income.dta","dta",TRUE,"","D:/AI_project/sql/Charls/2013/Household_Income.dta",TRUE,31.895,"2015-11-18 21:22:08","metadata_ok",0,1568,
"CHARLS","raw_wave","Charls/2013/Housing_Characteristics.dta","dta",TRUE,"","D:/AI_project/sql/Charls/2013/Housing_Characteristics.dta",TRUE,0.835,"2015-11-18 21:22:08","metadata_ok",0,36,
"CHARLS","raw_wave","Charls/2013/Individual_Income.dta","dta",TRUE,"","D:/AI_project/sql/Charls/2013/Individual_Income.dta",TRUE,7.686,"2015-11-18 21:22:08","metadata_ok",0,135,
"CHARLS","raw_wave","Charls/2013/Interviewer_Observation.dta","dta",TRUE,"","D:/AI_project/sql/Charls/2013/Interviewer_Observation.dta",TRUE,2.739,"2015-11-18 21:22:08","metadata_ok",0,21,
"CHARLS","raw_wave","Charls/2013/Other_HHmember.dta","dta",TRUE,"","D:/AI_project/sql/Charls/2013/Other_HHmember.dta",TRUE,0.477,"2015-11-18 21:22:10","metadata_ok",0,17,
"CHARLS","raw_wave","Charls/2013/Parent.dta","dta",TRUE,"","D:/AI_project/sql/Charls/2013/Parent.dta",TRUE,3.91,"2015-11-18 21:22:10","metadata_ok",0,41,
"CHARLS","raw_wave","Charls/2013/PSU.dta","dta",TRUE,"","D:/AI_project/sql/Charls/2013/PSU.dta",TRUE,0.029,"2015-11-18 21:22:08","metadata_ok",0,6,
"CHARLS","raw_wave","Charls/2013/Verbal_Autopsy.dta","dta",TRUE,"","D:/AI_project/sql/Charls/2013/Verbal_Autopsy.dta",TRUE,0.323,"2015-11-18 21:22:10","metadata_ok",0,204,
"CHARLS","raw_wave","Charls/2013/Weights.dta","dta",TRUE,"","D:/AI_project/sql/Charls/2013/Weights.dta",TRUE,1.51,"2015-11-18 21:21:34","metadata_ok",0,19,
"CHARLS","raw_wave","Charls/2013/Work_Retirement_and_Pension.dta","dta",TRUE,"","D:/AI_project/sql/Charls/2013/Work_Retirement_and_Pension.dta",TRUE,30.292,"2015-11-18 21:22:08","metadata_ok",0,717,
"CHARLS","raw_wave","Charls/2015/Biomarker.dta","dta",TRUE,"","D:/AI_project/sql/Charls/2015/Biomarker.dta",TRUE,6.807,"2017-05-31 23:17:28","metadata_ok",0,222,
"CHARLS","raw_wave","Charls/2015/Blood.dta","dta",TRUE,"","D:/AI_project/sql/Charls/2015/Blood.dta",TRUE,1.689,"2019-06-20 15:21:58","metadata_ok",0,23,
"CHARLS","raw_wave","Charls/2015/Child.dta","dta",TRUE,"","D:/AI_project/sql/Charls/2015/Child.dta",TRUE,3.144,"2017-10-11 19:57:52","metadata_ok",0,42,
"CHARLS","raw_wave","Charls/2015/Demographic_Background.dta","dta",TRUE,"","D:/AI_project/sql/Charls/2015/Demographic_Background.dta",TRUE,3.069,"2017-05-31 23:14:14","metadata_ok",0,81,
"CHARLS","raw_wave","Charls/2015/Family_Information.dta","dta",TRUE,"","D:/AI_project/sql/Charls/2015/Family_Information.dta",TRUE,33.771,"2017-10-11 19:57:50","metadata_ok",0,2347,
"CHARLS","raw_wave","Charls/2015/Family_Transfer.dta","dta",TRUE,"","D:/AI_project/sql/Charls/2015/Family_Transfer.dta",TRUE,17.677,"2017-10-11 19:57:50","metadata_ok",0,874,
"CHARLS","raw_wave","Charls/2015/Health_Care_and_Insurance.dta","dta",TRUE,"","D:/AI_project/sql/Charls/2015/Health_Care_and_Insurance.dta",TRUE,22.489,"2019-04-22 17:07:56","metadata_ok",0,546,
"CHARLS","raw_wave","Charls/2015/Health_Status_and_Functioning.dta","dta",TRUE,"","D:/AI_project/sql/Charls/2015/Health_Status_and_Functioning.dta",TRUE,27.367,"2017-10-11 19:57:20","metadata_ok",0,1059,
"CHARLS","raw_wave","Charls/2015/Household_Income.dta","dta",TRUE,"","D:/AI_project/sql/Charls/2015/Household_Income.dta",TRUE,32.456,"2017-05-31 23:16:46","metadata_ok",0,1452,
"CHARLS","raw_wave","Charls/2015/Household_Member.dta","dta",TRUE,"","D:/AI_project/sql/Charls/2015/Household_Member.dta",TRUE,1.328,"2017-10-11 19:57:50","metadata_ok",0,12,
"CHARLS","raw_wave","Charls/2015/Housing_Characteristics.dta","dta",TRUE,"","D:/AI_project/sql/Charls/2015/Housing_Characteristics.dta",TRUE,0.903,"2017-05-31 23:17:16","metadata_ok",0,35,
"CHARLS","raw_wave","Charls/2015/Individual_Income.dta","dta",TRUE,"","D:/AI_project/sql/Charls/2015/Individual_Income.dta",TRUE,8.774,"2017-05-31 23:16:58","metadata_ok",0,149,
"CHARLS","raw_wave","Charls/2015/Parent.dta","dta",TRUE,"","D:/AI_project/sql/Charls/2015/Parent.dta",TRUE,4.049,"2017-10-11 19:57:52","metadata_ok",0,32,
"CHARLS","raw_wave","Charls/2015/Sample_Infor.dta","dta",TRUE,"","D:/AI_project/sql/Charls/2015/Sample_Infor.dta",TRUE,0.944,"2017-05-31 23:11:56","metadata_ok",0,8,
"CHARLS","raw_wave","Charls/2015/Sibling.dta","dta",TRUE,"","D:/AI_project/sql/Charls/2015/Sibling.dta",TRUE,2.749,"2017-10-11 19:57:52","metadata_ok",0,28,
"CHARLS","raw_wave","Charls/2015/Spousal_Sibling.dta","dta",TRUE,"","D:/AI_project/sql/Charls/2015/Spousal_Sibling.dta",TRUE,2.161,"2017-10-11 19:57:52","metadata_ok",0,28,
"CHARLS","raw_wave","Charls/2015/Weights.dta","dta",TRUE,"","D:/AI_project/sql/Charls/2015/Weights.dta",TRUE,1.19,"2017-05-31 23:11:56","metadata_ok",0,10,
"CHARLS","raw_wave","Charls/2015/Work_Retirement_and_Pension.dta","dta",TRUE,"","D:/AI_project/sql/Charls/2015/Work_Retirement_and_Pension.dta",TRUE,31.984,"2017-05-31 23:16:24","metadata_ok",0,831,
"CHARLS","raw_wave","Charls/2018/Cognition.dta","dta",TRUE,"","D:/AI_project/sql/Charls/2018/Cognition.dta",TRUE,5.847,"2020-09-13 23:33:28","metadata_ok",0,219,
"CHARLS","raw_wave","Charls/2018/Demographic_Background.dta","dta",TRUE,"","D:/AI_project/sql/Charls/2018/Demographic_Background.dta",TRUE,3.741,"2020-09-13 23:33:20","metadata_ok",0,110,
"CHARLS","raw_wave","Charls/2018/Family_Information.dta","dta",TRUE,"","D:/AI_project/sql/Charls/2018/Family_Information.dta",TRUE,26.473,"2020-09-13 23:33:26","metadata_ok",0,1539,
"CHARLS","raw_wave","Charls/2018/Family_Transfer.dta","dta",TRUE,"","D:/AI_project/sql/Charls/2018/Family_Transfer.dta",TRUE,22.27,"2020-09-13 23:33:26","metadata_ok",0,1120,
"CHARLS","raw_wave","Charls/2018/Health_Care_and_Insurance.dta","dta",TRUE,"","D:/AI_project/sql/Charls/2018/Health_Care_and_Insurance.dta",TRUE,7.65,"2020-09-13 23:33:28","metadata_ok",0,277,
"CHARLS","raw_wave","Charls/2018/Health_Status_and_Functioning.dta","dta",TRUE,"","D:/AI_project/sql/Charls/2018/Health_Status_and_Functioning.dta",TRUE,21.169,"2020-09-13 23:33:26","metadata_ok",0,896,
"CHARLS","raw_wave","Charls/2018/Household_Income.dta","dta",TRUE,"","D:/AI_project/sql/Charls/2018/Household_Income.dta",TRUE,13.086,"2020-09-13 23:33:30","metadata_ok",0,576,
"CHARLS","raw_wave","Charls/2018/Housing.dta","dta",TRUE,"","D:/AI_project/sql/Charls/2018/Housing.dta",TRUE,24.156,"2020-09-13 23:33:32","metadata_ok",0,1387,
"CHARLS","raw_wave","Charls/2018/Individual_Income.dta","dta",TRUE,"","D:/AI_project/sql/Charls/2018/Individual_Income.dta",TRUE,6.786,"2020-09-13 23:33:30","metadata_ok",0,124,
"CHARLS","raw_wave","Charls/2018/Insider.dta","dta",TRUE,"","D:/AI_project/sql/Charls/2018/Insider.dta",TRUE,6.345,"2020-09-13 23:33:32","metadata_ok",0,70,
"CHARLS","raw_wave","Charls/2018/Pension.dta","dta",TRUE,"","D:/AI_project/sql/Charls/2018/Pension.dta",TRUE,14.542,"2020-09-13 23:33:30","metadata_ok",0,395,
"CHARLS","raw_wave","Charls/2018/Sample_Infor.dta","dta",TRUE,"","D:/AI_project/sql/Charls/2018/Sample_Infor.dta",TRUE,0.913,"2020-09-13 23:33:32","metadata_ok",0,8,
"CHARLS","raw_wave","Charls/2018/Weights.dta","dta",TRUE,"","D:/AI_project/sql/Charls/2018/Weights.dta",TRUE,1.202,"2020-09-13 23:33:32","metadata_ok",0,8,
"CHARLS","raw_wave","Charls/2018/Work_Retirement.dta","dta",TRUE,"","D:/AI_project/sql/Charls/2018/Work_Retirement.dta",TRUE,10.706,"2020-09-13 23:33:28","metadata_ok",0,321,
"CHARLS","raw_wave","Charls/2020/COVID_Module.dta","dta",TRUE,"","D:/AI_project/sql/Charls/2020/COVID_Module.dta",TRUE,3.603,"2023-11-15 22:43:32","metadata_ok",0,100,
"CHARLS","raw_wave","Charls/2020/Demographic_Background.dta","dta",TRUE,"","D:/AI_project/sql/Charls/2020/Demographic_Background.dta",TRUE,2.653,"2023-11-15 22:43:30","metadata_ok",0,42,
"CHARLS","raw_wave","Charls/2020/Exit_Module.dta","dta",TRUE,"","D:/AI_project/sql/Charls/2020/Exit_Module.dta",TRUE,2.139,"2023-11-15 22:43:32","metadata_ok",0,1129,
"CHARLS","raw_wave","Charls/2020/Family_Information.dta","dta",TRUE,"","D:/AI_project/sql/Charls/2020/Family_Information.dta",TRUE,15.131,"2023-11-15 22:43:30","metadata_ok",0,789,
"CHARLS","raw_wave","Charls/2020/Health_Status_and_Functioning.dta","dta",TRUE,"","D:/AI_project/sql/Charls/2020/Health_Status_and_Functioning.dta",TRUE,48.043,"2023-11-15 22:43:32","metadata_ok",0,936,
"CHARLS","raw_wave","Charls/2020/Household_Income.dta","dta",TRUE,"","D:/AI_project/sql/Charls/2020/Household_Income.dta",TRUE,16.646,"2023-11-15 22:43:32","metadata_ok",0,855,
"CHARLS","raw_wave","Charls/2020/Individual_Income.dta","dta",TRUE,"","D:/AI_project/sql/Charls/2020/Individual_Income.dta",TRUE,6.552,"2023-11-15 22:43:32","metadata_ok",0,210,
"CHARLS","raw_wave","Charls/2020/Sample_Infor.dta","dta",TRUE,"","D:/AI_project/sql/Charls/2020/Sample_Infor.dta",TRUE,0.887,"2023-11-15 22:43:32","metadata_ok",0,8,
"CHARLS","raw_wave","Charls/2020/Weights.dta","dta",TRUE,"","D:/AI_project/sql/Charls/2020/Weights.dta",TRUE,1.163,"2023-11-15 22:43:32","metadata_ok",0,8,
"CHARLS","raw_wave","Charls/2020/Work_Retirement.dta","dta",TRUE,"","D:/AI_project/sql/Charls/2020/Work_Retirement.dta",TRUE,5.507,"2023-11-15 22:43:32","metadata_ok",0,160,
"KLoSA","raw_wave_or_exit","KLOSA/2018 KLoSA 7 wave EXIT/w07_exit_e.dta","dta",TRUE,"","D:/AI_project/sql/KLOSA/2018 KLoSA 7 wave EXIT/w07_exit_e.dta",TRUE,0.609,"2020-09-29 17:14:55.281996","metadata_ok",0,327,
"KLoSA","raw_wave_or_exit","KLOSA/2018 KLoSA 7 wave EXIT/w07_exit_e.sav","sav",TRUE,"","D:/AI_project/sql/KLOSA/2018 KLoSA 7 wave EXIT/w07_exit_e.sav",TRUE,0.365,"2020-09-29 17:14:55.62714","metadata_ok",0,327,
"KLoSA","raw_wave_or_exit","KLOSA/Exit09_e.dta","dta",TRUE,"","D:/AI_project/sql/KLOSA/Exit09_e.dta",TRUE,0.625,"2025-01-02 07:57:58","metadata_ok",0,345,
"KLoSA","raw_wave_or_exit","KLOSA/KLoSA 1-9th wave (STATA)/Lt01_e.dta","dta",TRUE,"","D:/AI_project/sql/KLOSA/KLoSA 1-9th wave (STATA)/Lt01_e.dta",TRUE,5.095,"2023-04-11 20:51:14","metadata_ok",0,319,
"KLoSA","raw_wave_or_exit","KLOSA/KLoSA 1-9th wave (STATA)/Lt02_e.dta","dta",TRUE,"","D:/AI_project/sql/KLOSA/KLoSA 1-9th wave (STATA)/Lt02_e.dta",TRUE,4.954,"2023-04-11 20:52:06","metadata_ok",0,360,
"KLoSA","raw_wave_or_exit","KLOSA/KLoSA 1-9th wave (STATA)/Lt03_e.dta","dta",TRUE,"","D:/AI_project/sql/KLOSA/KLoSA 1-9th wave (STATA)/Lt03_e.dta",TRUE,4.643,"2023-04-11 20:57:56","metadata_ok",0,361,
"KLoSA","raw_wave_or_exit","KLOSA/KLoSA 1-9th wave (STATA)/Lt04_e.dta","dta",TRUE,"","D:/AI_project/sql/KLOSA/KLoSA 1-9th wave (STATA)/Lt04_e.dta",TRUE,4.318,"2023-04-11 20:58:28","metadata_ok",0,367,
"KLoSA","raw_wave_or_exit","KLOSA/KLoSA 1-9th wave (STATA)/Lt05_e.dta","dta",TRUE,"","D:/AI_project/sql/KLOSA/KLoSA 1-9th wave (STATA)/Lt05_e.dta",TRUE,4.301,"2023-04-11 20:59:06","metadata_ok",0,389,
"KLoSA","raw_wave_or_exit","KLOSA/KLoSA 1-9th wave (STATA)/Lt06_e.dta","dta",TRUE,"","D:/AI_project/sql/KLOSA/KLoSA 1-9th wave (STATA)/Lt06_e.dta",TRUE,4.378,"2023-04-11 21:00:20","metadata_ok",0,389,
"KLoSA","raw_wave_or_exit","KLOSA/KLoSA 1-9th wave (STATA)/Lt07_e.dta","dta",TRUE,"","D:/AI_project/sql/KLOSA/KLoSA 1-9th wave (STATA)/Lt07_e.dta",TRUE,3.97,"2023-04-11 21:00:48","metadata_ok",0,399,
"KLoSA","raw_wave_or_exit","KLOSA/KLoSA 1-9th wave (STATA)/Lt08_e.dta","dta",TRUE,"","D:/AI_project/sql/KLOSA/KLoSA 1-9th wave (STATA)/Lt08_e.dta",TRUE,3.584,"2023-04-11 21:01:26","metadata_ok",0,397,
"KLoSA","raw_wave_or_exit","KLOSA/KLoSA 1-9th wave (STATA)/Lt09_e.dta","dta",TRUE,"","D:/AI_project/sql/KLOSA/KLoSA 1-9th wave (STATA)/Lt09_e.dta",TRUE,3.277,"2025-01-02 07:58:14","metadata_ok",0,381,
"KLoSA","raw_wave_or_exit","KLOSA/KLoSA 1-9th wave (STATA)/str01_e.dta","dta",TRUE,"","D:/AI_project/sql/KLOSA/KLoSA 1-9th wave (STATA)/str01_e.dta",TRUE,27.74,"2023-04-12 13:53:06","metadata_ok",0,2026,
"KLoSA","raw_wave_or_exit","KLOSA/KLoSA 1-9th wave (STATA)/str02_e.dta","dta",TRUE,"","D:/AI_project/sql/KLOSA/KLoSA 1-9th wave (STATA)/str02_e.dta",TRUE,28.997,"2023-04-12 13:53:22","metadata_ok",0,2391,
"KLoSA","raw_wave_or_exit","KLOSA/KLoSA 1-9th wave (STATA)/str03_e.dta","dta",TRUE,"","D:/AI_project/sql/KLOSA/KLoSA 1-9th wave (STATA)/str03_e.dta",TRUE,26.184,"2023-04-12 13:53:42","metadata_ok",0,2401,
"KLoSA","raw_wave_or_exit","KLOSA/KLoSA 1-9th wave (STATA)/str04_e.dta","dta",TRUE,"","D:/AI_project/sql/KLOSA/KLoSA 1-9th wave (STATA)/str04_e.dta",TRUE,25.033,"2023-04-12 13:53:54","metadata_ok",0,2450,
"KLoSA","raw_wave_or_exit","KLOSA/KLoSA 1-9th wave (STATA)/str05_e.dta","dta",TRUE,"","D:/AI_project/sql/KLOSA/KLoSA 1-9th wave (STATA)/str05_e.dta",TRUE,26.11,"2023-04-12 13:54:06","metadata_ok",0,2311,
"KLoSA","raw_wave_or_exit","KLOSA/KLoSA 1-9th wave (STATA)/str06_e.dta","dta",TRUE,"","D:/AI_project/sql/KLOSA/KLoSA 1-9th wave (STATA)/str06_e.dta",TRUE,25.467,"2023-04-12 13:54:20","metadata_ok",0,2272,
"KLoSA","raw_wave_or_exit","KLOSA/KLoSA 1-9th wave (STATA)/str07_e.dta","dta",TRUE,"","D:/AI_project/sql/KLOSA/KLoSA 1-9th wave (STATA)/str07_e.dta",TRUE,23.768,"2023-04-12 13:54:44","metadata_ok",0,2302,
"KLoSA","raw_wave_or_exit","KLOSA/KLoSA 1-9th wave (STATA)/str08_e.dta","dta",TRUE,"","D:/AI_project/sql/KLOSA/KLoSA 1-9th wave (STATA)/str08_e.dta",TRUE,21.813,"2023-04-12 13:55:02","metadata_ok",0,2275,
"KLoSA","raw_wave_or_exit","KLOSA/KLoSA 1-9th wave (STATA)/str09_e.dta","dta",TRUE,"","D:/AI_project/sql/KLOSA/KLoSA 1-9th wave (STATA)/str09_e.dta",TRUE,20.987,"2025-01-02 07:58:34","metadata_ok",0,2378,
"KLoSA","raw_wave_or_exit","KLOSA/KLoSA 1-9th wave (STATA)/w01_e.dta","dta",TRUE,"","D:/AI_project/sql/KLOSA/KLoSA 1-9th wave (STATA)/w01_e.dta",TRUE,55.759,"2023-04-12 12:11:30","metadata_ok",0,3886,
"KLoSA","raw_wave_or_exit","KLOSA/KLoSA 1-9th wave (STATA)/w02_e.dta","dta",TRUE,"","D:/AI_project/sql/KLOSA/KLoSA 1-9th wave (STATA)/w02_e.dta",TRUE,35.017,"2023-04-12 12:11:52","metadata_ok",0,3145,
"KLoSA","raw_wave_or_exit","KLOSA/KLoSA 1-9th wave (STATA)/w03_e.dta","dta",TRUE,"","D:/AI_project/sql/KLOSA/KLoSA 1-9th wave (STATA)/w03_e.dta",TRUE,35.718,"2023-04-12 12:12:18","metadata_ok",0,3563,
"KLoSA","raw_wave_or_exit","KLOSA/KLoSA 1-9th wave (STATA)/w04_e.dta","dta",TRUE,"","D:/AI_project/sql/KLOSA/KLoSA 1-9th wave (STATA)/w04_e.dta",TRUE,38.01,"2023-04-12 12:13:08","metadata_ok",0,3836,
"KLoSA","raw_wave_or_exit","KLOSA/KLoSA 1-9th wave (STATA)/w05_e.dta","dta",TRUE,"","D:/AI_project/sql/KLOSA/KLoSA 1-9th wave (STATA)/w05_e.dta",TRUE,23.644,"2023-04-12 12:13:34","metadata_ok",0,2395,
"KLoSA","raw_wave_or_exit","KLOSA/KLoSA 1-9th wave (STATA)/w05_new_e.dta","dta",TRUE,"","D:/AI_project/sql/KLOSA/KLoSA 1-9th wave (STATA)/w05_new_e.dta",TRUE,4.212,"2023-04-12 12:13:58","metadata_ok",0,2115,
"KLoSA","raw_wave_or_exit","KLOSA/KLoSA 1-9th wave (STATA)/w06_e.dta","dta",TRUE,"","D:/AI_project/sql/KLOSA/KLoSA 1-9th wave (STATA)/w06_e.dta",TRUE,29.443,"2023-04-12 12:14:28","metadata_ok",0,2914,
"KLoSA","raw_wave_or_exit","KLOSA/KLoSA 1-9th wave (STATA)/w07_e.dta","dta",TRUE,"","D:/AI_project/sql/KLOSA/KLoSA 1-9th wave (STATA)/w07_e.dta",TRUE,27.874,"2023-04-12 12:14:52","metadata_ok",0,2741,
"KLoSA","raw_wave_or_exit","KLOSA/KLoSA 1-9th wave (STATA)/w08_e.dta","dta",TRUE,"","D:/AI_project/sql/KLOSA/KLoSA 1-9th wave (STATA)/w08_e.dta",TRUE,25.104,"2023-04-12 13:55:58","metadata_ok",0,2667,
"KLoSA","raw_wave_or_exit","KLOSA/KLoSA 1-9th wave (STATA)/w09_e.dta","dta",TRUE,"","D:/AI_project/sql/KLOSA/KLoSA 1-9th wave (STATA)/w09_e.dta",TRUE,24.152,"2025-01-02 07:59:08","metadata_ok",0,2804,
"KLoSA","raw_wave_or_exit","KLOSA/KLoSA 8th wave_EXIT/w08_exit_e.dta","dta",TRUE,"","D:/AI_project/sql/KLOSA/KLoSA 8th wave_EXIT/w08_exit_e.dta",TRUE,0.601,"2022-10-21 18:22:08","metadata_ok",0,329,
"KLoSA","raw_wave_or_exit","KLOSA/KLoSA 8th wave_EXIT/w08_exit_e.sav","sav",TRUE,"","D:/AI_project/sql/KLOSA/KLoSA 8th wave_EXIT/w08_exit_e.sav",TRUE,0.303,"2022-08-10 15:27:38","metadata_ok",0,329,
"KLoSA","raw_wave_or_exit","KLOSA/KLoSA 9 wave Exit/Exit09_e.dta","dta",TRUE,"","D:/AI_project/sql/KLOSA/KLoSA 9 wave Exit/Exit09_e.dta",TRUE,0.625,"2025-01-02 07:57:58","metadata_ok",0,345,
"KLoSA","raw_wave_or_exit","KLOSA/KLoSA 9 wave Exit/Exit09_e.sav","sav",TRUE,"","D:/AI_project/sql/KLOSA/KLoSA 9 wave Exit/Exit09_e.sav",TRUE,0.385,"2024-12-31 10:29:42","metadata_ok",0,345,
"KLoSA","raw_wave_or_exit","KLOSA/w03_exit_e.dta","dta",TRUE,"","D:/AI_project/sql/KLOSA/w03_exit_e.dta",TRUE,0.282,"2026-07-22 15:06:37.440807","metadata_ok",0,288,
"KLoSA","raw_wave_or_exit","KLOSA/w04_exit_e.dta","dta",TRUE,"","D:/AI_project/sql/KLOSA/w04_exit_e.dta",TRUE,0.29,"2026-07-22 15:06:31.246063","metadata_ok",0,282,
"KLoSA","raw_wave_or_exit","KLOSA/w05_exit_e.dta","dta",TRUE,"","D:/AI_project/sql/KLOSA/w05_exit_e.dta",TRUE,0.407,"2026-07-22 15:07:03.837254","metadata_ok",0,314,
"KLoSA","raw_wave_or_exit","KLOSA/w06_Exit_e.dta","dta",TRUE,"","D:/AI_project/sql/KLOSA/w06_Exit_e.dta",TRUE,0.362,"2026-07-22 15:07:07.449316","metadata_ok",0,289,
"CLHLS","raw_longitudinal","CLHLS/CLHLS_2018_cross_sectional_dataset_15874/clhls_2018_cross_sectional_dataset_15874.sav","sav",TRUE,"","D:/AI_project/sql/CLHLS/CLHLS_2018_cross_sectional_dataset_15874/clhls_2018_cross_sectional_dataset_15874.sav",TRUE,14.189,"2020-03-07 00:11:16","metadata_ok",0,761,
"CLHLS","raw_longitudinal","CLHLS/CLHLS_dataset_1998-2005_SPSS/clhls_1998_2018_longitudinal_dataset_released_version1.sav","sav",TRUE,"","D:/AI_project/sql/CLHLS/CLHLS_dataset_1998-2005_SPSS/clhls_1998_2018_longitudinal_dataset_released_version1.sav",TRUE,58.551,"2020-03-07 00:09:24","metadata_ok",0,6175,
"CLHLS","raw_longitudinal","CLHLS/CLHLS_dataset_1998-2005_SPSS/clhls_2000_2018_longitudinal_dataset_released_version1.sav","sav",TRUE,"","D:/AI_project/sql/CLHLS/CLHLS_dataset_1998-2005_SPSS/clhls_2000_2018_longitudinal_dataset_released_version1.sav",TRUE,68.112,"2020-03-07 00:09:42","metadata_ok",0,5807,
"CLHLS","raw_longitudinal","CLHLS/CLHLS_dataset_1998-2005_SPSS/clhls_2002_2018_longitudinal_dataset_released_version1.sav","sav",TRUE,"","D:/AI_project/sql/CLHLS/CLHLS_dataset_1998-2005_SPSS/clhls_2002_2018_longitudinal_dataset_released_version1.sav",TRUE,93.95,"2020-03-07 00:10:06","metadata_ok",0,5499,
"CLHLS","raw_longitudinal","CLHLS/CLHLS_dataset_1998-2005_SPSS/clhls_2005_2018_longitudinal_dataset_released_version1.sav","sav",TRUE,"","D:/AI_project/sql/CLHLS/CLHLS_dataset_1998-2005_SPSS/clhls_2005_2018_longitudinal_dataset_released_version1.sav",TRUE,82.33,"2020-03-07 00:10:26","metadata_ok",0,4850,
"CLHLS","raw_longitudinal","CLHLS/CLHLS_dataset_2008-2018_SPSS/clhls_2008_2018_longitudinal_dataset_released_version1.sav","sav",TRUE,"","D:/AI_project/sql/CLHLS/CLHLS_dataset_2008-2018_SPSS/clhls_2008_2018_longitudinal_dataset_released_version1.sav",TRUE,76.408,"2020-03-07 00:10:44","metadata_ok",0,4022,
"CLHLS","raw_longitudinal","CLHLS/CLHLS_dataset_2008-2018_SPSS/clhls_2011_2018_longitudinal_dataset_released_version1.sav","sav",TRUE,"","D:/AI_project/sql/CLHLS/CLHLS_dataset_2008-2018_SPSS/clhls_2011_2018_longitudinal_dataset_released_version1.sav",TRUE,34.218,"2020-03-07 00:11:00","metadata_ok",0,3046,
"CLHLS","raw_longitudinal","CLHLS/CLHLS_dataset_2008-2018_SPSS/clhls_2014_2018_longitudinal_dataset_released_version1.sav","sav",TRUE,"","D:/AI_project/sql/CLHLS/CLHLS_dataset_2008-2018_SPSS/clhls_2014_2018_longitudinal_dataset_released_version1.sav",TRUE,15.535,"2020-03-07 00:11:06","metadata_ok",0,1886,
"SHARE","harmonized","share harmonised/GH_SHARE_g.dta","dta",TRUE,"","D:/AI_project/sql/share harmonised/GH_SHARE_g.dta",TRUE,1830.751,"2024-10-29 21:28:26","metadata_ok",0,8096,
"SHARE","end_of_life","share harmonised/GH_SHARE_EOL_g.dta","dta",TRUE,"","D:/AI_project/sql/share harmonised/GH_SHARE_EOL_g.dta",TRUE,7.638,"2024-10-29 21:31:12","metadata_ok",0,232,
"HRS","harmonized","HRS Products/harmonised HRS/H_HRS_d.dta","dta",TRUE,"","D:/AI_project/sql/HRS Products/harmonised HRS/H_HRS_d.dta",TRUE,815.446,"2023-08-04 22:50:34","metadata_ok",0,16349,
"ELSA","harmonized","ELSA/stata/stata13_se/h_elsa_g3.dta","dta",TRUE,"","D:/AI_project/sql/ELSA/stata/stata13_se/h_elsa_g3.dta",TRUE,315.918,"2024-09-25 00:32:10","metadata_ok",0,11779,
"ELSA","end_of_life","ELSA/stata/stata13_se/h_elsa_eol_a2.dta","dta",TRUE,"","D:/AI_project/sql/ELSA/stata/stata13_se/h_elsa_eol_a2.dta",TRUE,0.383,"2024-09-25 00:32:10","metadata_ok",0,215,
"MHAS","harmonized","MHAS/H_MHAS_c2.dta","dta",TRUE,"","D:/AI_project/sql/MHAS/H_MHAS_c2.dta",TRUE,172.112,"2024-09-15 21:49:32","metadata_ok",0,5241,
"MHAS","end_of_life","MHAS/H_MHAS_EOL_b.dta","dta",TRUE,"","D:/AI_project/sql/MHAS/H_MHAS_EOL_b.dta",TRUE,2.126,"2024-09-15 21:49:32","metadata_ok",0,241,
